filename,class_id,original_filename,segment_index,species_segments
XC1540_0.wav,23,XC1540.ogg,0,86
XC1547_0.wav,23,XC1547.ogg,0,86
XC1562_0.wav,23,XC1562.ogg,0,86
XC29291_0.wav,23,XC29291.ogg,0,86
XC29292_0.wav,23,XC29292.ogg,0,86
XC29293_0.wav,23,XC29293.ogg,0,86
XC29294_0.wav,23,XC29294.ogg,0,86
XC29295_0.wav,23,XC29295.ogg,0,86
XC29297_0.wav,23,XC29297.ogg,0,86
XC29298_0.wav,23,XC29298.ogg,0,86
XC29299_0.wav,23,XC29299.ogg,0,86
XC29300_0.wav,23,XC29300.ogg,0,86
XC29301_0.wav,23,XC29301.ogg,0,86
XC345967_0.wav,23,XC345967.ogg,0,86
XC345968_0.wav,23,XC345968.ogg,0,86
XC391618_0.wav,23,XC391618.ogg,0,86
XC399289_0.wav,23,XC399289.ogg,0,86
XC436521_0.wav,23,XC436521.ogg,0,86
XC57009_0.wav,23,XC57009.ogg,0,86
XC57010_0.wav,23,XC57010.ogg,0,86
XC8973_0.wav,23,XC8973.ogg,0,86
XC114060_0.wav,10,XC114060.ogg,0,101
XC1708_0.wav,10,XC1708.ogg,0,101
XC288817_0.wav,10,XC288817.ogg,0,101
XC288940_0.wav,10,XC288940.ogg,0,101
XC288942_0.wav,10,XC288942.ogg,0,101
XC313640_0.wav,10,XC313640.ogg,0,101
XC32317_0.wav,10,XC32317.ogg,0,101
XC32318_0.wav,10,XC32318.ogg,0,101
XC503466_0.wav,10,XC503466.ogg,0,101
XC210083_0.wav,7,XC210083.ogg,0,111
XC308813_0.wav,7,XC308813.ogg,0,111
XC332778_0.wav,7,XC332778.ogg,0,111
XC351267_0.wav,7,XC351267.ogg,0,111
XC366208_0.wav,7,XC366208.ogg,0,111
XC368365_0.wav,7,XC368365.ogg,0,111
XC394268_0.wav,7,XC394268.ogg,0,111
XC394273_0.wav,7,XC394273.ogg,0,111
XC476201_0.wav,7,XC476201.ogg,0,111
XC503247_0.wav,7,XC503247.ogg,0,111
XC610840_0.wav,7,XC610840.ogg,0,111
XC82266_0.wav,7,XC82266.ogg,0,111
XC206619_0.wav,13,XC206619.ogg,0,41
XC359333_0.wav,13,XC359333.ogg,0,41
XC364277_0.wav,13,XC364277.ogg,0,41
XC447764_0.wav,13,XC447764.ogg,0,41
XC603961_0.wav,13,XC603961.ogg,0,41
XC604949_0.wav,13,XC604949.ogg,0,41
XC605293_0.wav,13,XC605293.ogg,0,41
XC1711_0.wav,16,XC1711.ogg,0,69
XC255550_0.wav,16,XC255550.ogg,0,69
XC255551_0.wav,16,XC255551.ogg,0,69
XC255552_0.wav,16,XC255552.ogg,0,69
XC255553_0.wav,16,XC255553.ogg,0,69
XC267908_0.wav,16,XC267908.ogg,0,69
XC32434_0.wav,16,XC32434.ogg,0,69
XC358879_0.wav,16,XC358879.ogg,0,69
XC363931_0.wav,16,XC363931.ogg,0,69
XC299042_0.wav,4,XC299042.ogg,0,71
XC364735_0.wav,4,XC364735.ogg,0,71
XC390938_0.wav,4,XC390938.ogg,0,71
XC549579_0.wav,4,XC549579.ogg,0,71
XC553369_0.wav,4,XC553369.ogg,0,71
XC553377_0.wav,4,XC553377.ogg,0,71
XC564636_0.wav,4,XC564636.ogg,0,71
XC195454_0.wav,0,XC195454.ogg,0,96
XC195457_0.wav,0,XC195457.ogg,0,96
XC457359_0.wav,0,XC457359.ogg,0,96
XC457367_0.wav,0,XC457367.ogg,0,96
XC476264_0.wav,0,XC476264.ogg,0,96
XC499641_0.wav,0,XC499641.ogg,0,96
XC537826_0.wav,0,XC537826.ogg,0,96
XC603277_0.wav,0,XC603277.ogg,0,96
XC156959_0.wav,18,XC156959.ogg,0,354
XC214240_0.wav,18,XC214240.ogg,0,354
XC214287_0.wav,18,XC214287.ogg,0,354
XC214288_0.wav,18,XC214288.ogg,0,354
XC283064_0.wav,18,XC283064.ogg,0,354
XC32399_0.wav,18,XC32399.ogg,0,354
XC368992_0.wav,18,XC368992.ogg,0,354
XC369819_0.wav,18,XC369819.ogg,0,354
XC379152_0.wav,18,XC379152.ogg,0,354
XC38756_0.wav,18,XC38756.ogg,0,354
XC390834_0.wav,18,XC390834.ogg,0,354
XC390971_0.wav,18,XC390971.ogg,0,354
XC399512_0.wav,18,XC399512.ogg,0,354
XC503470_0.wav,18,XC503470.ogg,0,354
XC584176_0.wav,18,XC584176.ogg,0,354
XC584986_0.wav,18,XC584986.ogg,0,354
XC84660_0.wav,18,XC84660.ogg,0,354
XC112710_0.wav,26,XC112710.ogg,0,402
XC11540_0.wav,26,XC11540.ogg,0,402
XC1634_0.wav,26,XC1634.ogg,0,402
XC1641_0.wav,26,XC1641.ogg,0,402
XC1649_0.wav,26,XC1649.ogg,0,402
XC287701_0.wav,26,XC287701.ogg,0,402
XC295917_0.wav,26,XC295917.ogg,0,402
XC313652_0.wav,26,XC313652.ogg,0,402
XC32469_0.wav,26,XC32469.ogg,0,402
XC32515_0.wav,26,XC32515.ogg,0,402
XC344476_0.wav,26,XC344476.ogg,0,402
XC374375_0.wav,26,XC374375.ogg,0,402
XC379340_0.wav,26,XC379340.ogg,0,402
XC390314_0.wav,26,XC390314.ogg,0,402
XC396556_0.wav,26,XC396556.ogg,0,402
XC396605_0.wav,26,XC396605.ogg,0,402
XC396629_0.wav,26,XC396629.ogg,0,402
XC470090_0.wav,26,XC470090.ogg,0,402
XC504476_0.wav,26,XC504476.ogg,0,402
XC506163_0.wav,26,XC506163.ogg,0,402
XC512739_0.wav,26,XC512739.ogg,0,402
XC571025_0.wav,26,XC571025.ogg,0,402
XC583623_0.wav,26,XC583623.ogg,0,402
XC583896_0.wav,26,XC583896.ogg,0,402
XC584990_0.wav,26,XC584990.ogg,0,402
XC585847_0.wav,26,XC585847.ogg,0,402
XC590621_0.wav,26,XC590621.ogg,0,402
XC616064_0.wav,26,XC616064.ogg,0,402
XC114492_0.wav,21,XC114492.ogg,0,125
XC114493_0.wav,21,XC114493.ogg,0,125
XC1535_0.wav,21,XC1535.ogg,0,125
XC1661_0.wav,21,XC1661.ogg,0,125
XC1676_0.wav,21,XC1676.ogg,0,125
XC1677_0.wav,21,XC1677.ogg,0,125
XC179296_0.wav,21,XC179296.ogg,0,125
XC254520_0.wav,21,XC254520.ogg,0,125
XC29152_0.wav,21,XC29152.ogg,0,125
XC29154_0.wav,21,XC29154.ogg,0,125
XC29155_0.wav,21,XC29155.ogg,0,125
XC299048_0.wav,21,XC299048.ogg,0,125
XC361122_0.wav,21,XC361122.ogg,0,125
XC361124_0.wav,21,XC361124.ogg,0,125
XC365746_0.wav,21,XC365746.ogg,0,125
XC403832_0.wav,21,XC403832.ogg,0,125
XC474738_0.wav,21,XC474738.ogg,0,125
XC476260_0.wav,21,XC476260.ogg,0,125
XC479887_0.wav,21,XC479887.ogg,0,125
XC48543_0.wav,21,XC48543.ogg,0,125
XC48544_0.wav,21,XC48544.ogg,0,125
XC586509_0.wav,21,XC586509.ogg,0,125
XC586513_0.wav,21,XC586513.ogg,0,125
XC587327_0.wav,21,XC587327.ogg,0,125
XC587328_0.wav,21,XC587328.ogg,0,125
XC361134_0.wav,22,XC361134.ogg,0,59
XC400309_0.wav,22,XC400309.ogg,0,59
XC465433_0.wav,22,XC465433.ogg,0,59
XC506225_0.wav,22,XC506225.ogg,0,59
XC506234_0.wav,22,XC506234.ogg,0,59
XC617651_0.wav,22,XC617651.ogg,0,59
XC8974_0.wav,22,XC8974.ogg,0,59
XC325527_0.wav,6,XC325527.ogg,0,32
XC351272_0.wav,6,XC351272.ogg,0,32
XC415207_0.wav,6,XC415207.ogg,0,32
XC454053_0.wav,6,XC454053.ogg,0,32
XC591406_0.wav,6,XC591406.ogg,0,32
XC84982_0.wav,6,XC84982.ogg,0,32
XC214508_0.wav,17,XC214508.ogg,0,68
XC217495_0.wav,17,XC217495.ogg,0,68
XC29073_0.wav,17,XC29073.ogg,0,68
XC48630_0.wav,17,XC48630.ogg,0,68
XC574591_0.wav,17,XC574591.ogg,0,68
XC607848_0.wav,17,XC607848.ogg,0,68
XC609188_0.wav,17,XC609188.ogg,0,68
XC84956_0.wav,17,XC84956.ogg,0,68
XC150915_0.wav,3,XC150915.ogg,0,259
XC1702_0.wav,3,XC1702.ogg,0,259
XC233193_0.wav,3,XC233193.ogg,0,259
XC244497_0.wav,3,XC244497.ogg,0,259
XC278513_0.wav,3,XC278513.ogg,0,259
XC278514_0.wav,3,XC278514.ogg,0,259
XC278519_0.wav,3,XC278519.ogg,0,259
XC283065_0.wav,3,XC283065.ogg,0,259
XC32193_0.wav,3,XC32193.ogg,0,259
XC32484_0.wav,3,XC32484.ogg,0,259
XC32485_0.wav,3,XC32485.ogg,0,259
XC358288_0.wav,3,XC358288.ogg,0,259
XC363103_0.wav,3,XC363103.ogg,0,259
XC364127_0.wav,3,XC364127.ogg,0,259
XC366774_0.wav,3,XC366774.ogg,0,259
XC368221_0.wav,3,XC368221.ogg,0,259
XC38761_0.wav,3,XC38761.ogg,0,259
XC398217_0.wav,3,XC398217.ogg,0,259
XC401684_0.wav,3,XC401684.ogg,0,259
XC404056_0.wav,3,XC404056.ogg,0,259
XC439071_0.wav,3,XC439071.ogg,0,259
XC441550_0.wav,3,XC441550.ogg,0,259
XC572378_0.wav,3,XC572378.ogg,0,259
XC591280_0.wav,3,XC591280.ogg,0,259
XC82216_0.wav,3,XC82216.ogg,0,259
XC145049_0.wav,28,XC145049.ogg,0,336
XC145437_0.wav,28,XC145437.ogg,0,336
XC153313_0.wav,28,XC153313.ogg,0,336
XC157433_0.wav,28,XC157433.ogg,0,336
XC1725_0.wav,28,XC1725.ogg,0,336
XC1726_0.wav,28,XC1726.ogg,0,336
XC32429_0.wav,28,XC32429.ogg,0,336
XC32499_0.wav,28,XC32499.ogg,0,336
XC355657_0.wav,28,XC355657.ogg,0,336
XC364125_0.wav,28,XC364125.ogg,0,336
XC369868_0.wav,28,XC369868.ogg,0,336
XC379153_0.wav,28,XC379153.ogg,0,336
XC379341_0.wav,28,XC379341.ogg,0,336
XC391056_0.wav,28,XC391056.ogg,0,336
XC396786_0.wav,28,XC396786.ogg,0,336
XC396871_0.wav,28,XC396871.ogg,0,336
XC397291_0.wav,28,XC397291.ogg,0,336
XC413673_0.wav,28,XC413673.ogg,0,336
XC445086_0.wav,28,XC445086.ogg,0,336
XC466704_0.wav,28,XC466704.ogg,0,336
XC470206_0.wav,28,XC470206.ogg,0,336
XC470773_0.wav,28,XC470773.ogg,0,336
XC470880_0.wav,28,XC470880.ogg,0,336
XC48760_0.wav,28,XC48760.ogg,0,336
XC503481_0.wav,28,XC503481.ogg,0,336
XC506304_0.wav,28,XC506304.ogg,0,336
XC507275_0.wav,28,XC507275.ogg,0,336
XC521519_0.wav,28,XC521519.ogg,0,336
XC537782_0.wav,28,XC537782.ogg,0,336
XC537786_0.wav,28,XC537786.ogg,0,336
XC573562_0.wav,28,XC573562.ogg,0,336
XC575451_0.wav,28,XC575451.ogg,0,336
XC590598_0.wav,28,XC590598.ogg,0,336
XC590599_0.wav,28,XC590599.ogg,0,336
XC603084_0.wav,28,XC603084.ogg,0,336
XC84817_0.wav,28,XC84817.ogg,0,336
XC212725_0.wav,20,XC212725.ogg,0,166
XC212769_0.wav,20,XC212769.ogg,0,166
XC215722_0.wav,20,XC215722.ogg,0,166
XC32291_0.wav,20,XC32291.ogg,0,166
XC344621_0.wav,20,XC344621.ogg,0,166
XC345707_0.wav,20,XC345707.ogg,0,166
XC366345_0.wav,20,XC366345.ogg,0,166
XC394278_0.wav,20,XC394278.ogg,0,166
XC394279_0.wav,20,XC394279.ogg,0,166
XC397656_0.wav,20,XC397656.ogg,0,166
XC47489_0.wav,20,XC47489.ogg,0,166
XC48762_0.wav,20,XC48762.ogg,0,166
XC573151_0.wav,20,XC573151.ogg,0,166
XC607187_0.wav,20,XC607187.ogg,0,166
XC84694_0.wav,20,XC84694.ogg,0,166
XC84696_0.wav,20,XC84696.ogg,0,166
XC290057_0.wav,8,XC290057.ogg,0,61
XC32433_0.wav,8,XC32433.ogg,0,61
XC386313_0.wav,8,XC386313.ogg,0,61
XC461350_0.wav,8,XC461350.ogg,0,61
XC492621_0.wav,8,XC492621.ogg,0,61
XC583625_0.wav,8,XC583625.ogg,0,61
XC615107_0.wav,8,XC615107.ogg,0,61
XC112712_0.wav,1,XC112712.ogg,0,52
XC112713_0.wav,1,XC112713.ogg,0,52
XC150916_0.wav,1,XC150916.ogg,0,52
XC150917_0.wav,1,XC150917.ogg,0,52
XC234335_0.wav,1,XC234335.ogg,0,52
XC288778_0.wav,1,XC288778.ogg,0,52
XC394644_0.wav,1,XC394644.ogg,0,52
XC394645_0.wav,1,XC394645.ogg,0,52
XC16002_0.wav,27,XC16002.ogg,0,172
XC16003_0.wav,27,XC16003.ogg,0,172
XC343265_0.wav,27,XC343265.ogg,0,172
XC355326_0.wav,27,XC355326.ogg,0,172
XC374154_0.wav,27,XC374154.ogg,0,172
XC384669_0.wav,27,XC384669.ogg,0,172
XC384670_0.wav,27,XC384670.ogg,0,172
XC396559_0.wav,27,XC396559.ogg,0,172
XC415812_0.wav,27,XC415812.ogg,0,172
XC415814_0.wav,27,XC415814.ogg,0,172
XC470214_0.wav,27,XC470214.ogg,0,172
XC47139_0.wav,27,XC47139.ogg,0,172
XC47141_0.wav,27,XC47141.ogg,0,172
XC475626_0.wav,27,XC475626.ogg,0,172
XC546406_0.wav,27,XC546406.ogg,0,172
XC591188_0.wav,27,XC591188.ogg,0,172
XC591189_0.wav,27,XC591189.ogg,0,172
XC608627_0.wav,27,XC608627.ogg,0,172
XC150817_0.wav,24,XC150817.ogg,0,94
XC150890_0.wav,24,XC150890.ogg,0,94
XC182338_0.wav,24,XC182338.ogg,0,94
XC340516_0.wav,24,XC340516.ogg,0,94
XC358161_0.wav,24,XC358161.ogg,0,94
XC365181_0.wav,24,XC365181.ogg,0,94
XC391110_0.wav,24,XC391110.ogg,0,94
XC508606_0.wav,24,XC508606.ogg,0,94
XC116655_0.wav,11,XC116655.ogg,0,127
XC1682_0.wav,11,XC1682.ogg,0,127
XC1683_0.wav,11,XC1683.ogg,0,127
XC173759_0.wav,11,XC173759.ogg,0,127
XC211770_0.wav,11,XC211770.ogg,0,127
XC32319_0.wav,11,XC32319.ogg,0,127
XC32320_0.wav,11,XC32320.ogg,0,127
XC32321_0.wav,11,XC32321.ogg,0,127
XC32322_0.wav,11,XC32322.ogg,0,127
XC355053_0.wav,11,XC355053.ogg,0,127
XC361108_0.wav,11,XC361108.ogg,0,127
XC391402_0.wav,11,XC391402.ogg,0,127
XC399501_0.wav,11,XC399501.ogg,0,127
XC457388_0.wav,11,XC457388.ogg,0,127
XC503455_0.wav,11,XC503455.ogg,0,127
XC1550_0.wav,19,XC1550.ogg,0,117
XC1710_0.wav,19,XC1710.ogg,0,117
XC173760_0.wav,19,XC173760.ogg,0,117
XC288055_0.wav,19,XC288055.ogg,0,117
XC313654_0.wav,19,XC313654.ogg,0,117
XC32449_0.wav,19,XC32449.ogg,0,117
XC369818_0.wav,19,XC369818.ogg,0,117
XC379150_0.wav,19,XC379150.ogg,0,117
XC415777_0.wav,19,XC415777.ogg,0,117
XC434958_0.wav,19,XC434958.ogg,0,117
XC531592_0.wav,19,XC531592.ogg,0,117
XC592837_0.wav,19,XC592837.ogg,0,117
XC112747_0.wav,5,XC112747.ogg,0,93
XC134166_0.wav,5,XC134166.ogg,0,93
XC1697_0.wav,5,XC1697.ogg,0,93
XC229252_0.wav,5,XC229252.ogg,0,93
XC313905_0.wav,5,XC313905.ogg,0,93
XC361103_0.wav,5,XC361103.ogg,0,93
XC396701_0.wav,5,XC396701.ogg,0,93
XC486909_0.wav,5,XC486909.ogg,0,93
XC573792_0.wav,5,XC573792.ogg,0,93
XC608631_0.wav,5,XC608631.ogg,0,93
XC85194_0.wav,5,XC85194.ogg,0,93
XC114463_0.wav,25,XC114463.ogg,0,146
XC204203_0.wav,25,XC204203.ogg,0,146
XC283328_0.wav,25,XC283328.ogg,0,146
XC313637_0.wav,25,XC313637.ogg,0,146
XC32355_0.wav,25,XC32355.ogg,0,146
XC32356_0.wav,25,XC32356.ogg,0,146
XC32357_0.wav,25,XC32357.ogg,0,146
XC361117_0.wav,25,XC361117.ogg,0,146
XC461346_0.wav,25,XC461346.ogg,0,146
XC473675_0.wav,25,XC473675.ogg,0,146
XC492896_0.wav,25,XC492896.ogg,0,146
XC504468_0.wav,25,XC504468.ogg,0,146
XC548396_0.wav,25,XC548396.ogg,0,146
XC592835_0.wav,25,XC592835.ogg,0,146
XC610513_0.wav,25,XC610513.ogg,0,146
XC1540_1.wav,23,XC1540.ogg,1,86
XC1547_1.wav,23,XC1547.ogg,1,86
XC1564_1.wav,23,XC1564.ogg,1,86
XC29297_1.wav,23,XC29297.ogg,1,86
XC29301_1.wav,23,XC29301.ogg,1,86
XC345967_1.wav,23,XC345967.ogg,1,86
XC345968_1.wav,23,XC345968.ogg,1,86
XC391618_1.wav,23,XC391618.ogg,1,86
XC399287_1.wav,23,XC399287.ogg,1,86
XC399289_1.wav,23,XC399289.ogg,1,86
XC436521_1.wav,23,XC436521.ogg,1,86
XC57009_1.wav,23,XC57009.ogg,1,86
XC57010_1.wav,23,XC57010.ogg,1,86
XC8973_1.wav,23,XC8973.ogg,1,86
XC114060_1.wav,10,XC114060.ogg,1,101
XC288817_1.wav,10,XC288817.ogg,1,101
XC288823_1.wav,10,XC288823.ogg,1,101
XC288940_1.wav,10,XC288940.ogg,1,101
XC288942_1.wav,10,XC288942.ogg,1,101
XC313640_1.wav,10,XC313640.ogg,1,101
XC32317_1.wav,10,XC32317.ogg,1,101
XC503466_1.wav,10,XC503466.ogg,1,101
XC506231_1.wav,10,XC506231.ogg,1,101
XC308813_1.wav,7,XC308813.ogg,1,111
XC332778_1.wav,7,XC332778.ogg,1,111
XC351267_1.wav,7,XC351267.ogg,1,111
XC366208_1.wav,7,XC366208.ogg,1,111
XC368365_1.wav,7,XC368365.ogg,1,111
XC394268_1.wav,7,XC394268.ogg,1,111
XC394273_1.wav,7,XC394273.ogg,1,111
XC476201_1.wav,7,XC476201.ogg,1,111
XC503247_1.wav,7,XC503247.ogg,1,111
XC581963_1.wav,7,XC581963.ogg,1,111
XC82266_1.wav,7,XC82266.ogg,1,111
XC206619_1.wav,13,XC206619.ogg,1,41
XC216377_1.wav,13,XC216377.ogg,1,41
XC359333_1.wav,13,XC359333.ogg,1,41
XC364277_1.wav,13,XC364277.ogg,1,41
XC365172_1.wav,13,XC365172.ogg,1,41
XC447764_1.wav,13,XC447764.ogg,1,41
XC604949_1.wav,13,XC604949.ogg,1,41
XC605293_1.wav,13,XC605293.ogg,1,41
XC610620_1.wav,13,XC610620.ogg,1,41
XC255550_1.wav,16,XC255550.ogg,1,69
XC255553_1.wav,16,XC255553.ogg,1,69
XC32434_1.wav,16,XC32434.ogg,1,69
XC358879_1.wav,16,XC358879.ogg,1,69
XC299042_1.wav,4,XC299042.ogg,1,71
XC364735_1.wav,4,XC364735.ogg,1,71
XC390938_1.wav,4,XC390938.ogg,1,71
XC391504_1.wav,4,XC391504.ogg,1,71
XC549579_1.wav,4,XC549579.ogg,1,71
XC553369_1.wav,4,XC553369.ogg,1,71
XC553377_1.wav,4,XC553377.ogg,1,71
XC564636_1.wav,4,XC564636.ogg,1,71
XC195454_1.wav,0,XC195454.ogg,1,96
XC457359_1.wav,0,XC457359.ogg,1,96
XC457367_1.wav,0,XC457367.ogg,1,96
XC461359_1.wav,0,XC461359.ogg,1,96
XC476264_1.wav,0,XC476264.ogg,1,96
XC499641_1.wav,0,XC499641.ogg,1,96
XC537826_1.wav,0,XC537826.ogg,1,96
XC603277_1.wav,0,XC603277.ogg,1,96
XC156959_1.wav,18,XC156959.ogg,1,354
XC214240_1.wav,18,XC214240.ogg,1,354
XC214287_1.wav,18,XC214287.ogg,1,354
XC214290_1.wav,18,XC214290.ogg,1,354
XC283064_1.wav,18,XC283064.ogg,1,354
XC32399_1.wav,18,XC32399.ogg,1,354
XC368992_1.wav,18,XC368992.ogg,1,354
XC369819_1.wav,18,XC369819.ogg,1,354
XC379152_1.wav,18,XC379152.ogg,1,354
XC38756_1.wav,18,XC38756.ogg,1,354
XC390834_1.wav,18,XC390834.ogg,1,354
XC390971_1.wav,18,XC390971.ogg,1,354
XC412572_1.wav,18,XC412572.ogg,1,354
XC415201_1.wav,18,XC415201.ogg,1,354
XC584176_1.wav,18,XC584176.ogg,1,354
XC584986_1.wav,18,XC584986.ogg,1,354
XC84660_1.wav,18,XC84660.ogg,1,354
XC112710_1.wav,26,XC112710.ogg,1,402
XC11540_1.wav,26,XC11540.ogg,1,402
XC1634_1.wav,26,XC1634.ogg,1,402
XC1649_1.wav,26,XC1649.ogg,1,402
XC287701_1.wav,26,XC287701.ogg,1,402
XC288822_1.wav,26,XC288822.ogg,1,402
XC295917_1.wav,26,XC295917.ogg,1,402
XC32469_1.wav,26,XC32469.ogg,1,402
XC32515_1.wav,26,XC32515.ogg,1,402
XC331308_1.wav,26,XC331308.ogg,1,402
XC344476_1.wav,26,XC344476.ogg,1,402
XC374375_1.wav,26,XC374375.ogg,1,402
XC386603_1.wav,26,XC386603.ogg,1,402
XC390314_1.wav,26,XC390314.ogg,1,402
XC394535_1.wav,26,XC394535.ogg,1,402
XC396605_1.wav,26,XC396605.ogg,1,402
XC436871_1.wav,26,XC436871.ogg,1,402
XC470090_1.wav,26,XC470090.ogg,1,402
XC504476_1.wav,26,XC504476.ogg,1,402
XC506163_1.wav,26,XC506163.ogg,1,402
XC571025_1.wav,26,XC571025.ogg,1,402
XC583896_1.wav,26,XC583896.ogg,1,402
XC584990_1.wav,26,XC584990.ogg,1,402
XC585847_1.wav,26,XC585847.ogg,1,402
XC590604_1.wav,26,XC590604.ogg,1,402
XC590621_1.wav,26,XC590621.ogg,1,402
XC590622_1.wav,26,XC590622.ogg,1,402
XC590623_1.wav,26,XC590623.ogg,1,402
XC616064_1.wav,26,XC616064.ogg,1,402
XC616065_1.wav,26,XC616065.ogg,1,402
XC114492_1.wav,21,XC114492.ogg,1,125
XC114493_1.wav,21,XC114493.ogg,1,125
XC1661_1.wav,21,XC1661.ogg,1,125
XC1676_1.wav,21,XC1676.ogg,1,125
XC29155_1.wav,21,XC29155.ogg,1,125
XC299048_1.wav,21,XC299048.ogg,1,125
XC361122_1.wav,21,XC361122.ogg,1,125
XC361124_1.wav,21,XC361124.ogg,1,125
XC365746_1.wav,21,XC365746.ogg,1,125
XC474738_1.wav,21,XC474738.ogg,1,125
XC479887_1.wav,21,XC479887.ogg,1,125
XC48543_1.wav,21,XC48543.ogg,1,125
XC48544_1.wav,21,XC48544.ogg,1,125
XC339554_1.wav,22,XC339554.ogg,1,59
XC361134_1.wav,22,XC361134.ogg,1,59
XC400309_1.wav,22,XC400309.ogg,1,59
XC465433_1.wav,22,XC465433.ogg,1,59
XC506225_1.wav,22,XC506225.ogg,1,59
XC506234_1.wav,22,XC506234.ogg,1,59
XC617651_1.wav,22,XC617651.ogg,1,59
XC325527_1.wav,6,XC325527.ogg,1,32
XC351272_1.wav,6,XC351272.ogg,1,32
XC415207_1.wav,6,XC415207.ogg,1,32
XC454053_1.wav,6,XC454053.ogg,1,32
XC591406_1.wav,6,XC591406.ogg,1,32
XC214508_1.wav,17,XC214508.ogg,1,68
XC217495_1.wav,17,XC217495.ogg,1,68
XC29073_1.wav,17,XC29073.ogg,1,68
XC574591_1.wav,17,XC574591.ogg,1,68
XC607848_1.wav,17,XC607848.ogg,1,68
XC609188_1.wav,17,XC609188.ogg,1,68
XC85409_1.wav,17,XC85409.ogg,1,68
XC1702_1.wav,3,XC1702.ogg,1,259
XC233193_1.wav,3,XC233193.ogg,1,259
XC278519_1.wav,3,XC278519.ogg,1,259
XC283065_1.wav,3,XC283065.ogg,1,259
XC32485_1.wav,3,XC32485.ogg,1,259
XC358288_1.wav,3,XC358288.ogg,1,259
XC364127_1.wav,3,XC364127.ogg,1,259
XC368221_1.wav,3,XC368221.ogg,1,259
XC398217_1.wav,3,XC398217.ogg,1,259
XC401684_1.wav,3,XC401684.ogg,1,259
XC404056_1.wav,3,XC404056.ogg,1,259
XC439071_1.wav,3,XC439071.ogg,1,259
XC441550_1.wav,3,XC441550.ogg,1,259
XC572378_1.wav,3,XC572378.ogg,1,259
XC591280_1.wav,3,XC591280.ogg,1,259
XC82216_1.wav,3,XC82216.ogg,1,259
XC112733_1.wav,28,XC112733.ogg,1,336
XC145049_1.wav,28,XC145049.ogg,1,336
XC145437_1.wav,28,XC145437.ogg,1,336
XC153313_1.wav,28,XC153313.ogg,1,336
XC157433_1.wav,28,XC157433.ogg,1,336
XC1725_1.wav,28,XC1725.ogg,1,336
XC1726_1.wav,28,XC1726.ogg,1,336
XC202064_1.wav,28,XC202064.ogg,1,336
XC212745_1.wav,28,XC212745.ogg,1,336
XC32429_1.wav,28,XC32429.ogg,1,336
XC32499_1.wav,28,XC32499.ogg,1,336
XC379153_1.wav,28,XC379153.ogg,1,336
XC379341_1.wav,28,XC379341.ogg,1,336
XC390322_1.wav,28,XC390322.ogg,1,336
XC396786_1.wav,28,XC396786.ogg,1,336
XC397291_1.wav,28,XC397291.ogg,1,336
XC413634_1.wav,28,XC413634.ogg,1,336
XC414017_1.wav,28,XC414017.ogg,1,336
XC445086_1.wav,28,XC445086.ogg,1,336
XC470206_1.wav,28,XC470206.ogg,1,336
XC470773_1.wav,28,XC470773.ogg,1,336
XC470880_1.wav,28,XC470880.ogg,1,336
XC48760_1.wav,28,XC48760.ogg,1,336
XC503481_1.wav,28,XC503481.ogg,1,336
XC507275_1.wav,28,XC507275.ogg,1,336
XC521491_1.wav,28,XC521491.ogg,1,336
XC537782_1.wav,28,XC537782.ogg,1,336
XC537786_1.wav,28,XC537786.ogg,1,336
XC573562_1.wav,28,XC573562.ogg,1,336
XC575451_1.wav,28,XC575451.ogg,1,336
XC590598_1.wav,28,XC590598.ogg,1,336
XC590599_1.wav,28,XC590599.ogg,1,336
XC590600_1.wav,28,XC590600.ogg,1,336
XC212725_1.wav,20,XC212725.ogg,1,166
XC212769_1.wav,20,XC212769.ogg,1,166
XC215722_1.wav,20,XC215722.ogg,1,166
XC344621_1.wav,20,XC344621.ogg,1,166
XC345707_1.wav,20,XC345707.ogg,1,166
XC366345_1.wav,20,XC366345.ogg,1,166
XC394278_1.wav,20,XC394278.ogg,1,166
XC394279_1.wav,20,XC394279.ogg,1,166
XC48762_1.wav,20,XC48762.ogg,1,166
XC573151_1.wav,20,XC573151.ogg,1,166
XC607187_1.wav,20,XC607187.ogg,1,166
XC84694_1.wav,20,XC84694.ogg,1,166
XC84696_1.wav,20,XC84696.ogg,1,166
XC32433_1.wav,8,XC32433.ogg,1,61
XC461350_1.wav,8,XC461350.ogg,1,61
XC583625_1.wav,8,XC583625.ogg,1,61
XC615107_1.wav,8,XC615107.ogg,1,61
XC112712_1.wav,1,XC112712.ogg,1,52
XC112713_1.wav,1,XC112713.ogg,1,52
XC150916_1.wav,1,XC150916.ogg,1,52
XC288778_1.wav,1,XC288778.ogg,1,52
XC394644_1.wav,1,XC394644.ogg,1,52
XC394645_1.wav,1,XC394645.ogg,1,52
XC16002_1.wav,27,XC16002.ogg,1,172
XC16003_1.wav,27,XC16003.ogg,1,172
XC343265_1.wav,27,XC343265.ogg,1,172
XC355326_1.wav,27,XC355326.ogg,1,172
XC361137_1.wav,27,XC361137.ogg,1,172
XC374154_1.wav,27,XC374154.ogg,1,172
XC384670_1.wav,27,XC384670.ogg,1,172
XC396559_1.wav,27,XC396559.ogg,1,172
XC415863_1.wav,27,XC415863.ogg,1,172
XC439642_1.wav,27,XC439642.ogg,1,172
XC47139_1.wav,27,XC47139.ogg,1,172
XC47141_1.wav,27,XC47141.ogg,1,172
XC475609_1.wav,27,XC475609.ogg,1,172
XC534168_1.wav,27,XC534168.ogg,1,172
XC591189_1.wav,27,XC591189.ogg,1,172
XC591190_1.wav,27,XC591190.ogg,1,172
XC608627_1.wav,27,XC608627.ogg,1,172
XC182338_1.wav,24,XC182338.ogg,1,94
XC340516_1.wav,24,XC340516.ogg,1,94
XC365181_1.wav,24,XC365181.ogg,1,94
XC443799_1.wav,24,XC443799.ogg,1,94
XC508606_1.wav,24,XC508606.ogg,1,94
XC116655_1.wav,11,XC116655.ogg,1,127
XC1682_1.wav,11,XC1682.ogg,1,127
XC1683_1.wav,11,XC1683.ogg,1,127
XC173759_1.wav,11,XC173759.ogg,1,127
XC211770_1.wav,11,XC211770.ogg,1,127
XC32319_1.wav,11,XC32319.ogg,1,127
XC32320_1.wav,11,XC32320.ogg,1,127
XC32322_1.wav,11,XC32322.ogg,1,127
XC355053_1.wav,11,XC355053.ogg,1,127
XC361108_1.wav,11,XC361108.ogg,1,127
XC391402_1.wav,11,XC391402.ogg,1,127
XC399501_1.wav,11,XC399501.ogg,1,127
XC457388_1.wav,11,XC457388.ogg,1,127
XC503455_1.wav,11,XC503455.ogg,1,127
XC1550_1.wav,19,XC1550.ogg,1,117
XC173760_1.wav,19,XC173760.ogg,1,117
XC195055_1.wav,19,XC195055.ogg,1,117
XC288055_1.wav,19,XC288055.ogg,1,117
XC32448_1.wav,19,XC32448.ogg,1,117
XC434958_1.wav,19,XC434958.ogg,1,117
XC48779_1.wav,19,XC48779.ogg,1,117
XC531592_1.wav,19,XC531592.ogg,1,117
XC592837_1.wav,19,XC592837.ogg,1,117
XC112747_1.wav,5,XC112747.ogg,1,93
XC134166_1.wav,5,XC134166.ogg,1,93
XC313905_1.wav,5,XC313905.ogg,1,93
XC361103_1.wav,5,XC361103.ogg,1,93
XC396701_1.wav,5,XC396701.ogg,1,93
XC486909_1.wav,5,XC486909.ogg,1,93
XC573792_1.wav,5,XC573792.ogg,1,93
XC608631_1.wav,5,XC608631.ogg,1,93
XC85194_1.wav,5,XC85194.ogg,1,93
XC114463_1.wav,25,XC114463.ogg,1,146
XC204203_1.wav,25,XC204203.ogg,1,146
XC313637_1.wav,25,XC313637.ogg,1,146
XC32355_1.wav,25,XC32355.ogg,1,146
XC32356_1.wav,25,XC32356.ogg,1,146
XC32357_1.wav,25,XC32357.ogg,1,146
XC361117_1.wav,25,XC361117.ogg,1,146
XC492896_1.wav,25,XC492896.ogg,1,146
XC504468_1.wav,25,XC504468.ogg,1,146
XC592835_1.wav,25,XC592835.ogg,1,146
XC1540_2.wav,23,XC1540.ogg,2,86
XC1547_2.wav,23,XC1547.ogg,2,86
XC1564_2.wav,23,XC1564.ogg,2,86
XC345967_2.wav,23,XC345967.ogg,2,86
XC345968_2.wav,23,XC345968.ogg,2,86
XC391618_2.wav,23,XC391618.ogg,2,86
XC399287_2.wav,23,XC399287.ogg,2,86
XC399289_2.wav,23,XC399289.ogg,2,86
XC57010_2.wav,23,XC57010.ogg,2,86
XC8973_2.wav,23,XC8973.ogg,2,86
XC114060_2.wav,10,XC114060.ogg,2,101
XC288817_2.wav,10,XC288817.ogg,2,101
XC288940_2.wav,10,XC288940.ogg,2,101
XC288942_2.wav,10,XC288942.ogg,2,101
XC313640_2.wav,10,XC313640.ogg,2,101
XC32317_2.wav,10,XC32317.ogg,2,101
XC48295_2.wav,10,XC48295.ogg,2,101
XC503466_2.wav,10,XC503466.ogg,2,101
XC506231_2.wav,10,XC506231.ogg,2,101
XC210083_2.wav,7,XC210083.ogg,2,111
XC351267_2.wav,7,XC351267.ogg,2,111
XC366208_2.wav,7,XC366208.ogg,2,111
XC368365_2.wav,7,XC368365.ogg,2,111
XC394268_2.wav,7,XC394268.ogg,2,111
XC476201_2.wav,7,XC476201.ogg,2,111
XC503247_2.wav,7,XC503247.ogg,2,111
XC581963_2.wav,7,XC581963.ogg,2,111
XC82266_2.wav,7,XC82266.ogg,2,111
XC359333_2.wav,13,XC359333.ogg,2,41
XC364277_2.wav,13,XC364277.ogg,2,41
XC255550_2.wav,16,XC255550.ogg,2,69
XC255553_2.wav,16,XC255553.ogg,2,69
XC267908_2.wav,16,XC267908.ogg,2,69
XC32434_2.wav,16,XC32434.ogg,2,69
XC358879_2.wav,16,XC358879.ogg,2,69
XC363931_2.wav,16,XC363931.ogg,2,69
XC299042_2.wav,4,XC299042.ogg,2,71
XC390938_2.wav,4,XC390938.ogg,2,71
XC391504_2.wav,4,XC391504.ogg,2,71
XC549579_2.wav,4,XC549579.ogg,2,71
XC553377_2.wav,4,XC553377.ogg,2,71
XC586408_2.wav,4,XC586408.ogg,2,71
XC195454_2.wav,0,XC195454.ogg,2,96
XC457359_2.wav,0,XC457359.ogg,2,96
XC476264_2.wav,0,XC476264.ogg,2,96
XC499641_2.wav,0,XC499641.ogg,2,96
XC537826_2.wav,0,XC537826.ogg,2,96
XC603277_2.wav,0,XC603277.ogg,2,96
XC214288_2.wav,18,XC214288.ogg,2,354
XC214290_2.wav,18,XC214290.ogg,2,354
XC283064_2.wav,18,XC283064.ogg,2,354
XC32399_2.wav,18,XC32399.ogg,2,354
XC368992_2.wav,18,XC368992.ogg,2,354
XC369819_2.wav,18,XC369819.ogg,2,354
XC379152_2.wav,18,XC379152.ogg,2,354
XC38756_2.wav,18,XC38756.ogg,2,354
XC390834_2.wav,18,XC390834.ogg,2,354
XC390971_2.wav,18,XC390971.ogg,2,354
XC394358_2.wav,18,XC394358.ogg,2,354
XC399512_2.wav,18,XC399512.ogg,2,354
XC412572_2.wav,18,XC412572.ogg,2,354
XC415201_2.wav,18,XC415201.ogg,2,354
XC503470_2.wav,18,XC503470.ogg,2,354
XC584176_2.wav,18,XC584176.ogg,2,354
XC584986_2.wav,18,XC584986.ogg,2,354
XC84660_2.wav,18,XC84660.ogg,2,354
XC112710_2.wav,26,XC112710.ogg,2,402
XC11540_2.wav,26,XC11540.ogg,2,402
XC1634_2.wav,26,XC1634.ogg,2,402
XC1641_2.wav,26,XC1641.ogg,2,402
XC287701_2.wav,26,XC287701.ogg,2,402
XC288822_2.wav,26,XC288822.ogg,2,402
XC313652_2.wav,26,XC313652.ogg,2,402
XC32469_2.wav,26,XC32469.ogg,2,402
XC331308_2.wav,26,XC331308.ogg,2,402
XC374375_2.wav,26,XC374375.ogg,2,402
XC390314_2.wav,26,XC390314.ogg,2,402
XC394535_2.wav,26,XC394535.ogg,2,402
XC396605_2.wav,26,XC396605.ogg,2,402
XC396629_2.wav,26,XC396629.ogg,2,402
XC436871_2.wav,26,XC436871.ogg,2,402
XC470090_2.wav,26,XC470090.ogg,2,402
XC504476_2.wav,26,XC504476.ogg,2,402
XC506163_2.wav,26,XC506163.ogg,2,402
XC583621_2.wav,26,XC583621.ogg,2,402
XC583623_2.wav,26,XC583623.ogg,2,402
XC583896_2.wav,26,XC583896.ogg,2,402
XC589030_2.wav,26,XC589030.ogg,2,402
XC590604_2.wav,26,XC590604.ogg,2,402
XC590621_2.wav,26,XC590621.ogg,2,402
XC590622_2.wav,26,XC590622.ogg,2,402
XC590623_2.wav,26,XC590623.ogg,2,402
XC616065_2.wav,26,XC616065.ogg,2,402
XC114492_2.wav,21,XC114492.ogg,2,125
XC114493_2.wav,21,XC114493.ogg,2,125
XC1661_2.wav,21,XC1661.ogg,2,125
XC1676_2.wav,21,XC1676.ogg,2,125
XC299048_2.wav,21,XC299048.ogg,2,125
XC361122_2.wav,21,XC361122.ogg,2,125
XC361124_2.wav,21,XC361124.ogg,2,125
XC365746_2.wav,21,XC365746.ogg,2,125
XC48543_2.wav,21,XC48543.ogg,2,125
XC48544_2.wav,21,XC48544.ogg,2,125
XC361134_2.wav,22,XC361134.ogg,2,59
XC506225_2.wav,22,XC506225.ogg,2,59
XC506234_2.wav,22,XC506234.ogg,2,59
XC617651_2.wav,22,XC617651.ogg,2,59
XC8974_2.wav,22,XC8974.ogg,2,59
XC415207_2.wav,6,XC415207.ogg,2,32
XC454053_2.wav,6,XC454053.ogg,2,32
XC591406_2.wav,6,XC591406.ogg,2,32
XC214508_2.wav,17,XC214508.ogg,2,68
XC29073_2.wav,17,XC29073.ogg,2,68
XC48630_2.wav,17,XC48630.ogg,2,68
XC574591_2.wav,17,XC574591.ogg,2,68
XC609188_2.wav,17,XC609188.ogg,2,68
XC85409_2.wav,17,XC85409.ogg,2,68
XC150915_2.wav,3,XC150915.ogg,2,259
XC1702_2.wav,3,XC1702.ogg,2,259
XC233193_2.wav,3,XC233193.ogg,2,259
XC244497_2.wav,3,XC244497.ogg,2,259
XC278513_2.wav,3,XC278513.ogg,2,259
XC32484_2.wav,3,XC32484.ogg,2,259
XC363103_2.wav,3,XC363103.ogg,2,259
XC364127_2.wav,3,XC364127.ogg,2,259
XC368221_2.wav,3,XC368221.ogg,2,259
XC398217_2.wav,3,XC398217.ogg,2,259
XC439071_2.wav,3,XC439071.ogg,2,259
XC441550_2.wav,3,XC441550.ogg,2,259
XC572378_2.wav,3,XC572378.ogg,2,259
XC591280_2.wav,3,XC591280.ogg,2,259
XC82216_2.wav,3,XC82216.ogg,2,259
XC145049_2.wav,28,XC145049.ogg,2,336
XC202064_2.wav,28,XC202064.ogg,2,336
XC212745_2.wav,28,XC212745.ogg,2,336
XC32499_2.wav,28,XC32499.ogg,2,336
XC355657_2.wav,28,XC355657.ogg,2,336
XC369868_2.wav,28,XC369868.ogg,2,336
XC379153_2.wav,28,XC379153.ogg,2,336
XC391056_2.wav,28,XC391056.ogg,2,336
XC396786_2.wav,28,XC396786.ogg,2,336
XC396871_2.wav,28,XC396871.ogg,2,336
XC397291_2.wav,28,XC397291.ogg,2,336
XC413673_2.wav,28,XC413673.ogg,2,336
XC414017_2.wav,28,XC414017.ogg,2,336
XC445086_2.wav,28,XC445086.ogg,2,336
XC470206_2.wav,28,XC470206.ogg,2,336
XC470880_2.wav,28,XC470880.ogg,2,336
XC48760_2.wav,28,XC48760.ogg,2,336
XC48761_2.wav,28,XC48761.ogg,2,336
XC507275_2.wav,28,XC507275.ogg,2,336
XC521519_2.wav,28,XC521519.ogg,2,336
XC537782_2.wav,28,XC537782.ogg,2,336
XC537786_2.wav,28,XC537786.ogg,2,336
XC573562_2.wav,28,XC573562.ogg,2,336
XC575451_2.wav,28,XC575451.ogg,2,336
XC590598_2.wav,28,XC590598.ogg,2,336
XC590600_2.wav,28,XC590600.ogg,2,336
XC603084_2.wav,28,XC603084.ogg,2,336
XC84817_2.wav,28,XC84817.ogg,2,336
XC212725_2.wav,20,XC212725.ogg,2,166
XC212769_2.wav,20,XC212769.ogg,2,166
XC32291_2.wav,20,XC32291.ogg,2,166
XC344621_2.wav,20,XC344621.ogg,2,166
XC366345_2.wav,20,XC366345.ogg,2,166
XC394278_2.wav,20,XC394278.ogg,2,166
XC394279_2.wav,20,XC394279.ogg,2,166
XC397656_2.wav,20,XC397656.ogg,2,166
XC458984_2.wav,20,XC458984.ogg,2,166
XC47489_2.wav,20,XC47489.ogg,2,166
XC48762_2.wav,20,XC48762.ogg,2,166
XC573151_2.wav,20,XC573151.ogg,2,166
XC607187_2.wav,20,XC607187.ogg,2,166
XC84694_2.wav,20,XC84694.ogg,2,166
XC84696_2.wav,20,XC84696.ogg,2,166
XC290057_2.wav,8,XC290057.ogg,2,61
XC32433_2.wav,8,XC32433.ogg,2,61
XC461350_2.wav,8,XC461350.ogg,2,61
XC492620_2.wav,8,XC492620.ogg,2,61
XC112712_2.wav,1,XC112712.ogg,2,52
XC112713_2.wav,1,XC112713.ogg,2,52
XC150916_2.wav,1,XC150916.ogg,2,52
XC150917_2.wav,1,XC150917.ogg,2,52
XC394644_2.wav,1,XC394644.ogg,2,52
XC394645_2.wav,1,XC394645.ogg,2,52
XC16003_2.wav,27,XC16003.ogg,2,172
XC343265_2.wav,27,XC343265.ogg,2,172
XC355326_2.wav,27,XC355326.ogg,2,172
XC361137_2.wav,27,XC361137.ogg,2,172
XC374154_2.wav,27,XC374154.ogg,2,172
XC396559_2.wav,27,XC396559.ogg,2,172
XC415814_2.wav,27,XC415814.ogg,2,172
XC415863_2.wav,27,XC415863.ogg,2,172
XC439642_2.wav,27,XC439642.ogg,2,172
XC47139_2.wav,27,XC47139.ogg,2,172
XC475609_2.wav,27,XC475609.ogg,2,172
XC475624_2.wav,27,XC475624.ogg,2,172
XC489125_2.wav,27,XC489125.ogg,2,172
XC534308_2.wav,27,XC534308.ogg,2,172
XC540445_2.wav,27,XC540445.ogg,2,172
XC546406_2.wav,27,XC546406.ogg,2,172
XC591189_2.wav,27,XC591189.ogg,2,172
XC591190_2.wav,27,XC591190.ogg,2,172
XC150817_2.wav,24,XC150817.ogg,2,94
XC150890_2.wav,24,XC150890.ogg,2,94
XC182338_2.wav,24,XC182338.ogg,2,94
XC340515_2.wav,24,XC340515.ogg,2,94
XC340516_2.wav,24,XC340516.ogg,2,94
XC358161_2.wav,24,XC358161.ogg,2,94
XC365181_2.wav,24,XC365181.ogg,2,94
XC391110_2.wav,24,XC391110.ogg,2,94
XC443799_2.wav,24,XC443799.ogg,2,94
XC508606_2.wav,24,XC508606.ogg,2,94
XC116655_2.wav,11,XC116655.ogg,2,127
XC1682_2.wav,11,XC1682.ogg,2,127
XC173759_2.wav,11,XC173759.ogg,2,127
XC211770_2.wav,11,XC211770.ogg,2,127
XC32320_2.wav,11,XC32320.ogg,2,127
XC32322_2.wav,11,XC32322.ogg,2,127
XC355053_2.wav,11,XC355053.ogg,2,127
XC391402_2.wav,11,XC391402.ogg,2,127
XC399501_2.wav,11,XC399501.ogg,2,127
XC457388_2.wav,11,XC457388.ogg,2,127
XC503455_2.wav,11,XC503455.ogg,2,127
XC1550_2.wav,19,XC1550.ogg,2,117
XC1710_2.wav,19,XC1710.ogg,2,117
XC173760_2.wav,19,XC173760.ogg,2,117
XC288055_2.wav,19,XC288055.ogg,2,117
XC48779_2.wav,19,XC48779.ogg,2,117
XC592837_2.wav,19,XC592837.ogg,2,117
XC112747_2.wav,5,XC112747.ogg,2,93
XC134166_2.wav,5,XC134166.ogg,2,93
XC1697_2.wav,5,XC1697.ogg,2,93
XC229252_2.wav,5,XC229252.ogg,2,93
XC313905_2.wav,5,XC313905.ogg,2,93
XC361103_2.wav,5,XC361103.ogg,2,93
XC396701_2.wav,5,XC396701.ogg,2,93
XC486909_2.wav,5,XC486909.ogg,2,93
XC573792_2.wav,5,XC573792.ogg,2,93
XC114463_2.wav,25,XC114463.ogg,2,146
XC204203_2.wav,25,XC204203.ogg,2,146
XC283328_2.wav,25,XC283328.ogg,2,146
XC313637_2.wav,25,XC313637.ogg,2,146
XC32355_2.wav,25,XC32355.ogg,2,146
XC32356_2.wav,25,XC32356.ogg,2,146
XC32357_2.wav,25,XC32357.ogg,2,146
XC361117_2.wav,25,XC361117.ogg,2,146
XC492896_2.wav,25,XC492896.ogg,2,146
XC504468_2.wav,25,XC504468.ogg,2,146
XC592835_2.wav,25,XC592835.ogg,2,146
XC1540_3.wav,23,XC1540.ogg,3,86
XC1547_3.wav,23,XC1547.ogg,3,86
XC1564_3.wav,23,XC1564.ogg,3,86
XC345967_3.wav,23,XC345967.ogg,3,86
XC391618_3.wav,23,XC391618.ogg,3,86
XC436521_3.wav,23,XC436521.ogg,3,86
XC57010_3.wav,23,XC57010.ogg,3,86
XC114060_3.wav,10,XC114060.ogg,3,101
XC288817_3.wav,10,XC288817.ogg,3,101
XC288940_3.wav,10,XC288940.ogg,3,101
XC288942_3.wav,10,XC288942.ogg,3,101
XC313640_3.wav,10,XC313640.ogg,3,101
XC48295_3.wav,10,XC48295.ogg,3,101
XC503466_3.wav,10,XC503466.ogg,3,101
XC366208_3.wav,7,XC366208.ogg,3,111
XC368365_3.wav,7,XC368365.ogg,3,111
XC393684_3.wav,7,XC393684.ogg,3,111
XC394268_3.wav,7,XC394268.ogg,3,111
XC476201_3.wav,7,XC476201.ogg,3,111
XC503247_3.wav,7,XC503247.ogg,3,111
XC581963_3.wav,7,XC581963.ogg,3,111
XC359333_3.wav,13,XC359333.ogg,3,41
XC364277_3.wav,13,XC364277.ogg,3,41
XC255550_3.wav,16,XC255550.ogg,3,69
XC255553_3.wav,16,XC255553.ogg,3,69
XC267908_3.wav,16,XC267908.ogg,3,69
XC32434_3.wav,16,XC32434.ogg,3,69
XC358879_3.wav,16,XC358879.ogg,3,69
XC299042_3.wav,4,XC299042.ogg,3,71
XC391504_3.wav,4,XC391504.ogg,3,71
XC553377_3.wav,4,XC553377.ogg,3,71
XC586408_3.wav,4,XC586408.ogg,3,71
XC195454_3.wav,0,XC195454.ogg,3,96
XC457359_3.wav,0,XC457359.ogg,3,96
XC461359_3.wav,0,XC461359.ogg,3,96
XC476264_3.wav,0,XC476264.ogg,3,96
XC537826_3.wav,0,XC537826.ogg,3,96
XC603277_3.wav,0,XC603277.ogg,3,96
XC214240_3.wav,18,XC214240.ogg,3,354
XC214287_3.wav,18,XC214287.ogg,3,354
XC214288_3.wav,18,XC214288.ogg,3,354
XC214290_3.wav,18,XC214290.ogg,3,354
XC283064_3.wav,18,XC283064.ogg,3,354
XC368992_3.wav,18,XC368992.ogg,3,354
XC369819_3.wav,18,XC369819.ogg,3,354
XC379152_3.wav,18,XC379152.ogg,3,354
XC38756_3.wav,18,XC38756.ogg,3,354
XC390834_3.wav,18,XC390834.ogg,3,354
XC390971_3.wav,18,XC390971.ogg,3,354
XC394358_3.wav,18,XC394358.ogg,3,354
XC399512_3.wav,18,XC399512.ogg,3,354
XC412572_3.wav,18,XC412572.ogg,3,354
XC415201_3.wav,18,XC415201.ogg,3,354
XC503470_3.wav,18,XC503470.ogg,3,354
XC584176_3.wav,18,XC584176.ogg,3,354
XC584986_3.wav,18,XC584986.ogg,3,354
XC11540_3.wav,26,XC11540.ogg,3,402
XC1641_3.wav,26,XC1641.ogg,3,402
XC287701_3.wav,26,XC287701.ogg,3,402
XC288822_3.wav,26,XC288822.ogg,3,402
XC295917_3.wav,26,XC295917.ogg,3,402
XC313652_3.wav,26,XC313652.ogg,3,402
XC32469_3.wav,26,XC32469.ogg,3,402
XC344476_3.wav,26,XC344476.ogg,3,402
XC396605_3.wav,26,XC396605.ogg,3,402
XC396629_3.wav,26,XC396629.ogg,3,402
XC470090_3.wav,26,XC470090.ogg,3,402
XC504476_3.wav,26,XC504476.ogg,3,402
XC506163_3.wav,26,XC506163.ogg,3,402
XC512739_3.wav,26,XC512739.ogg,3,402
XC583621_3.wav,26,XC583621.ogg,3,402
XC114492_3.wav,21,XC114492.ogg,3,125
XC114493_3.wav,21,XC114493.ogg,3,125
XC1661_3.wav,21,XC1661.ogg,3,125
XC1676_3.wav,21,XC1676.ogg,3,125
XC254601_3.wav,21,XC254601.ogg,3,125
XC361122_3.wav,21,XC361122.ogg,3,125
XC361124_3.wav,21,XC361124.ogg,3,125
XC48543_3.wav,21,XC48543.ogg,3,125
XC48544_3.wav,21,XC48544.ogg,3,125
XC361134_3.wav,22,XC361134.ogg,3,59
XC506225_3.wav,22,XC506225.ogg,3,59
XC506234_3.wav,22,XC506234.ogg,3,59
XC617651_3.wav,22,XC617651.ogg,3,59
XC8974_3.wav,22,XC8974.ogg,3,59
XC351272_3.wav,6,XC351272.ogg,3,32
XC591406_3.wav,6,XC591406.ogg,3,32
XC214508_3.wav,17,XC214508.ogg,3,68
XC217495_3.wav,17,XC217495.ogg,3,68
XC29073_3.wav,17,XC29073.ogg,3,68
XC574591_3.wav,17,XC574591.ogg,3,68
XC609188_3.wav,17,XC609188.ogg,3,68
XC84956_3.wav,17,XC84956.ogg,3,68
XC85409_3.wav,17,XC85409.ogg,3,68
XC150915_3.wav,3,XC150915.ogg,3,259
XC1702_3.wav,3,XC1702.ogg,3,259
XC233193_3.wav,3,XC233193.ogg,3,259
XC32484_3.wav,3,XC32484.ogg,3,259
XC363103_3.wav,3,XC363103.ogg,3,259
XC364127_3.wav,3,XC364127.ogg,3,259
XC398217_3.wav,3,XC398217.ogg,3,259
XC401684_3.wav,3,XC401684.ogg,3,259
XC572378_3.wav,3,XC572378.ogg,3,259
XC591280_3.wav,3,XC591280.ogg,3,259
XC112733_3.wav,28,XC112733.ogg,3,336
XC1726_3.wav,28,XC1726.ogg,3,336
XC212745_3.wav,28,XC212745.ogg,3,336
XC212769_3.wav,20,XC212769.ogg,3,166
XC215722_3.wav,20,XC215722.ogg,3,166
XC344621_3.wav,20,XC344621.ogg,3,166
XC366345_3.wav,20,XC366345.ogg,3,166
XC394278_3.wav,20,XC394278.ogg,3,166
XC394279_3.wav,20,XC394279.ogg,3,166
XC397656_3.wav,20,XC397656.ogg,3,166
XC48762_3.wav,20,XC48762.ogg,3,166
XC573151_3.wav,20,XC573151.ogg,3,166
XC607187_3.wav,20,XC607187.ogg,3,166
XC84696_3.wav,20,XC84696.ogg,3,166
XC290057_3.wav,8,XC290057.ogg,3,61
XC32433_3.wav,8,XC32433.ogg,3,61
XC461350_3.wav,8,XC461350.ogg,3,61
XC492619_3.wav,8,XC492619.ogg,3,61
XC492620_3.wav,8,XC492620.ogg,3,61
XC112712_3.wav,1,XC112712.ogg,3,52
XC112713_3.wav,1,XC112713.ogg,3,52
XC150917_3.wav,1,XC150917.ogg,3,52
XC394644_3.wav,1,XC394644.ogg,3,52
XC394645_3.wav,1,XC394645.ogg,3,52
XC16002_3.wav,27,XC16002.ogg,3,172
XC16003_3.wav,27,XC16003.ogg,3,172
XC343265_3.wav,27,XC343265.ogg,3,172
XC355326_3.wav,27,XC355326.ogg,3,172
XC361137_3.wav,27,XC361137.ogg,3,172
XC415814_3.wav,27,XC415814.ogg,3,172
XC475609_3.wav,27,XC475609.ogg,3,172
XC489125_3.wav,27,XC489125.ogg,3,172
XC534308_3.wav,27,XC534308.ogg,3,172
XC540445_3.wav,27,XC540445.ogg,3,172
XC591189_3.wav,27,XC591189.ogg,3,172
XC591190_3.wav,27,XC591190.ogg,3,172
XC340515_3.wav,24,XC340515.ogg,3,94
XC340516_3.wav,24,XC340516.ogg,3,94
XC365181_3.wav,24,XC365181.ogg,3,94
XC391110_3.wav,24,XC391110.ogg,3,94
XC508606_3.wav,24,XC508606.ogg,3,94
XC173759_3.wav,11,XC173759.ogg,3,127
XC361108_3.wav,11,XC361108.ogg,3,127
XC391402_3.wav,11,XC391402.ogg,3,127
XC399501_3.wav,11,XC399501.ogg,3,127
XC503455_3.wav,11,XC503455.ogg,3,127
XC173760_3.wav,19,XC173760.ogg,3,117
XC288055_3.wav,19,XC288055.ogg,3,117
XC313654_3.wav,19,XC313654.ogg,3,117
XC592837_3.wav,19,XC592837.ogg,3,117
XC134166_3.wav,5,XC134166.ogg,3,93
XC1697_3.wav,5,XC1697.ogg,3,93
XC361103_3.wav,5,XC361103.ogg,3,93
XC396701_3.wav,5,XC396701.ogg,3,93
XC486909_3.wav,5,XC486909.ogg,3,93
XC573792_3.wav,5,XC573792.ogg,3,93
XC114463_3.wav,25,XC114463.ogg,3,146
XC204203_3.wav,25,XC204203.ogg,3,146
XC283328_3.wav,25,XC283328.ogg,3,146
XC313637_3.wav,25,XC313637.ogg,3,146
XC32356_3.wav,25,XC32356.ogg,3,146
XC361117_3.wav,25,XC361117.ogg,3,146
XC473675_3.wav,25,XC473675.ogg,3,146
XC492896_3.wav,25,XC492896.ogg,3,146
XC504468_3.wav,25,XC504468.ogg,3,146
XC592835_3.wav,25,XC592835.ogg,3,146
XC1540_4.wav,23,XC1540.ogg,4,86
XC1564_4.wav,23,XC1564.ogg,4,86
XC391618_4.wav,23,XC391618.ogg,4,86
XC436521_4.wav,23,XC436521.ogg,4,86
XC57010_4.wav,23,XC57010.ogg,4,86
XC288817_4.wav,10,XC288817.ogg,4,101
XC288940_4.wav,10,XC288940.ogg,4,101
XC288942_4.wav,10,XC288942.ogg,4,101
XC313640_4.wav,10,XC313640.ogg,4,101
XC48295_4.wav,10,XC48295.ogg,4,101
XC503466_4.wav,10,XC503466.ogg,4,101
XC210083_4.wav,7,XC210083.ogg,4,111
XC351267_4.wav,7,XC351267.ogg,4,111
XC366208_4.wav,7,XC366208.ogg,4,111
XC368365_4.wav,7,XC368365.ogg,4,111
XC393684_4.wav,7,XC393684.ogg,4,111
XC394268_4.wav,7,XC394268.ogg,4,111
XC503247_4.wav,7,XC503247.ogg,4,111
XC364277_4.wav,13,XC364277.ogg,4,41
XC610620_4.wav,13,XC610620.ogg,4,41
XC255550_4.wav,16,XC255550.ogg,4,69
XC255553_4.wav,16,XC255553.ogg,4,69
XC267908_4.wav,16,XC267908.ogg,4,69
XC363931_4.wav,16,XC363931.ogg,4,69
XC299042_4.wav,4,XC299042.ogg,4,71
XC390938_4.wav,4,XC390938.ogg,4,71
XC391504_4.wav,4,XC391504.ogg,4,71
XC553377_4.wav,4,XC553377.ogg,4,71
XC195454_4.wav,0,XC195454.ogg,4,96
XC457359_4.wav,0,XC457359.ogg,4,96
XC476264_4.wav,0,XC476264.ogg,4,96
XC537826_4.wav,0,XC537826.ogg,4,96
XC603277_4.wav,0,XC603277.ogg,4,96
XC214240_4.wav,18,XC214240.ogg,4,354
XC214287_4.wav,18,XC214287.ogg,4,354
XC214288_4.wav,18,XC214288.ogg,4,354
XC214290_4.wav,18,XC214290.ogg,4,354
XC283064_4.wav,18,XC283064.ogg,4,354
XC368992_4.wav,18,XC368992.ogg,4,354
XC369819_4.wav,18,XC369819.ogg,4,354
XC379152_4.wav,18,XC379152.ogg,4,354
XC390834_4.wav,18,XC390834.ogg,4,354
XC390971_4.wav,18,XC390971.ogg,4,354
XC412572_4.wav,18,XC412572.ogg,4,354
XC415201_4.wav,18,XC415201.ogg,4,354
XC584176_4.wav,18,XC584176.ogg,4,354
XC584986_4.wav,18,XC584986.ogg,4,354
XC114493_4.wav,21,XC114493.ogg,4,125
XC1661_4.wav,21,XC1661.ogg,4,125
XC1676_4.wav,21,XC1676.ogg,4,125
XC254601_4.wav,21,XC254601.ogg,4,125
XC361124_4.wav,21,XC361124.ogg,4,125
XC365746_4.wav,21,XC365746.ogg,4,125
XC48544_4.wav,21,XC48544.ogg,4,125
XC361134_4.wav,22,XC361134.ogg,4,59
XC506225_4.wav,22,XC506225.ogg,4,59
XC506234_4.wav,22,XC506234.ogg,4,59
XC617651_4.wav,22,XC617651.ogg,4,59
XC8974_4.wav,22,XC8974.ogg,4,59
XC351272_4.wav,6,XC351272.ogg,4,32
XC591406_4.wav,6,XC591406.ogg,4,32
XC29073_4.wav,17,XC29073.ogg,4,68
XC574591_4.wav,17,XC574591.ogg,4,68
XC609188_4.wav,17,XC609188.ogg,4,68
XC150915_4.wav,3,XC150915.ogg,4,259
XC1702_4.wav,3,XC1702.ogg,4,259
XC363103_4.wav,3,XC363103.ogg,4,259
XC364127_4.wav,3,XC364127.ogg,4,259
XC38761_4.wav,3,XC38761.ogg,4,259
XC401684_4.wav,3,XC401684.ogg,4,259
XC441550_4.wav,3,XC441550.ogg,4,259
XC572378_4.wav,3,XC572378.ogg,4,259
XC591280_4.wav,3,XC591280.ogg,4,259
XC212725_4.wav,20,XC212725.ogg,4,166
XC366345_4.wav,20,XC366345.ogg,4,166
XC394279_4.wav,20,XC394279.ogg,4,166
XC47489_4.wav,20,XC47489.ogg,4,166
XC573151_4.wav,20,XC573151.ogg,4,166
XC607187_4.wav,20,XC607187.ogg,4,166
XC461350_4.wav,8,XC461350.ogg,4,61
XC492619_4.wav,8,XC492619.ogg,4,61
XC492620_4.wav,8,XC492620.ogg,4,61
XC583625_4.wav,8,XC583625.ogg,4,61
XC112712_4.wav,1,XC112712.ogg,4,52
XC112713_4.wav,1,XC112713.ogg,4,52
XC16003_4.wav,27,XC16003.ogg,4,172
XC361137_4.wav,27,XC361137.ogg,4,172
XC415863_4.wav,27,XC415863.ogg,4,172
XC47141_4.wav,27,XC47141.ogg,4,172
XC475609_4.wav,27,XC475609.ogg,4,172
XC489125_4.wav,27,XC489125.ogg,4,172
XC540445_4.wav,27,XC540445.ogg,4,172
XC546406_4.wav,27,XC546406.ogg,4,172
XC591189_4.wav,27,XC591189.ogg,4,172
XC591190_4.wav,27,XC591190.ogg,4,172
XC340516_4.wav,24,XC340516.ogg,4,94
XC365181_4.wav,24,XC365181.ogg,4,94
XC391110_4.wav,24,XC391110.ogg,4,94
XC508606_4.wav,24,XC508606.ogg,4,94
XC173759_4.wav,11,XC173759.ogg,4,127
XC361108_4.wav,11,XC361108.ogg,4,127
XC391402_4.wav,11,XC391402.ogg,4,127
XC399501_4.wav,11,XC399501.ogg,4,127
XC457388_4.wav,11,XC457388.ogg,4,127
XC503455_4.wav,11,XC503455.ogg,4,127
XC173760_4.wav,19,XC173760.ogg,4,117
XC288055_4.wav,19,XC288055.ogg,4,117
XC313654_4.wav,19,XC313654.ogg,4,117
XC48779_4.wav,19,XC48779.ogg,4,117
XC531592_4.wav,19,XC531592.ogg,4,117
XC592837_4.wav,19,XC592837.ogg,4,117
XC112747_4.wav,5,XC112747.ogg,4,93
XC229252_4.wav,5,XC229252.ogg,4,93
XC361103_4.wav,5,XC361103.ogg,4,93
XC396701_4.wav,5,XC396701.ogg,4,93
XC486909_4.wav,5,XC486909.ogg,4,93
XC573792_4.wav,5,XC573792.ogg,4,93
XC204203_4.wav,25,XC204203.ogg,4,146
XC283328_4.wav,25,XC283328.ogg,4,146
XC32356_4.wav,25,XC32356.ogg,4,146
XC361117_4.wav,25,XC361117.ogg,4,146
XC492896_4.wav,25,XC492896.ogg,4,146
XC504468_4.wav,25,XC504468.ogg,4,146
XC592835_4.wav,25,XC592835.ogg,4,146
XC1540_5.wav,23,XC1540.ogg,5,86
XC391618_5.wav,23,XC391618.ogg,5,86
XC57010_5.wav,23,XC57010.ogg,5,86
XC114060_5.wav,10,XC114060.ogg,5,101
XC288817_5.wav,10,XC288817.ogg,5,101
XC288940_5.wav,10,XC288940.ogg,5,101
XC288942_5.wav,10,XC288942.ogg,5,101
XC48295_5.wav,10,XC48295.ogg,5,101
XC503466_5.wav,10,XC503466.ogg,5,101
XC506231_5.wav,10,XC506231.ogg,5,101
XC351267_5.wav,7,XC351267.ogg,5,111
XC368365_5.wav,7,XC368365.ogg,5,111
XC393684_5.wav,7,XC393684.ogg,5,111
XC394268_5.wav,7,XC394268.ogg,5,111
XC503247_5.wav,7,XC503247.ogg,5,111
XC364277_5.wav,13,XC364277.ogg,5,41
XC610620_5.wav,13,XC610620.ogg,5,41
XC255550_5.wav,16,XC255550.ogg,5,69
XC255553_5.wav,16,XC255553.ogg,5,69
XC390938_5.wav,4,XC390938.ogg,5,71
XC391504_5.wav,4,XC391504.ogg,5,71
XC553377_5.wav,4,XC553377.ogg,5,71
XC586408_5.wav,4,XC586408.ogg,5,71
XC195454_5.wav,0,XC195454.ogg,5,96
XC457359_5.wav,0,XC457359.ogg,5,96
XC476264_5.wav,0,XC476264.ogg,5,96
XC537826_5.wav,0,XC537826.ogg,5,96
XC603277_5.wav,0,XC603277.ogg,5,96
XC214240_5.wav,18,XC214240.ogg,5,354
XC214288_5.wav,18,XC214288.ogg,5,354
XC214290_5.wav,18,XC214290.ogg,5,354
XC368992_5.wav,18,XC368992.ogg,5,354
XC369819_5.wav,18,XC369819.ogg,5,354
XC379152_5.wav,18,XC379152.ogg,5,354
XC390834_5.wav,18,XC390834.ogg,5,354
XC390971_5.wav,18,XC390971.ogg,5,354
XC394358_5.wav,18,XC394358.ogg,5,354
XC399512_5.wav,18,XC399512.ogg,5,354
XC412572_5.wav,18,XC412572.ogg,5,354
XC415201_5.wav,18,XC415201.ogg,5,354
XC503470_5.wav,18,XC503470.ogg,5,354
XC114492_5.wav,21,XC114492.ogg,5,125
XC1676_5.wav,21,XC1676.ogg,5,125
XC254601_5.wav,21,XC254601.ogg,5,125
XC48544_5.wav,21,XC48544.ogg,5,125
XC361134_5.wav,22,XC361134.ogg,5,59
XC506225_5.wav,22,XC506225.ogg,5,59
XC506234_5.wav,22,XC506234.ogg,5,59
XC617651_5.wav,22,XC617651.ogg,5,59
XC8974_5.wav,22,XC8974.ogg,5,59
XC351272_5.wav,6,XC351272.ogg,5,32
XC29073_5.wav,17,XC29073.ogg,5,68
XC574591_5.wav,17,XC574591.ogg,5,68
XC609188_5.wav,17,XC609188.ogg,5,68
XC150915_5.wav,3,XC150915.ogg,5,259
XC1702_5.wav,3,XC1702.ogg,5,259
XC244497_5.wav,3,XC244497.ogg,5,259
XC364127_5.wav,3,XC364127.ogg,5,259
XC38761_5.wav,3,XC38761.ogg,5,259
XC401684_5.wav,3,XC401684.ogg,5,259
XC572378_5.wav,3,XC572378.ogg,5,259
XC591280_5.wav,3,XC591280.ogg,5,259
XC215722_5.wav,20,XC215722.ogg,5,166
XC344621_5.wav,20,XC344621.ogg,5,166
XC366345_5.wav,20,XC366345.ogg,5,166
XC394279_5.wav,20,XC394279.ogg,5,166
XC47489_5.wav,20,XC47489.ogg,5,166
XC48762_5.wav,20,XC48762.ogg,5,166
XC607187_5.wav,20,XC607187.ogg,5,166
XC290057_5.wav,8,XC290057.ogg,5,61
XC461350_5.wav,8,XC461350.ogg,5,61
XC492619_5.wav,8,XC492619.ogg,5,61
XC492620_5.wav,8,XC492620.ogg,5,61
XC112712_5.wav,1,XC112712.ogg,5,52
XC112713_5.wav,1,XC112713.ogg,5,52
XC343265_5.wav,27,XC343265.ogg,5,172
XC361137_5.wav,27,XC361137.ogg,5,172
XC374154_5.wav,27,XC374154.ogg,5,172
XC396560_5.wav,27,XC396560.ogg,5,172
XC415863_5.wav,27,XC415863.ogg,5,172
XC47141_5.wav,27,XC47141.ogg,5,172
XC475609_5.wav,27,XC475609.ogg,5,172
XC475624_5.wav,27,XC475624.ogg,5,172
XC546406_5.wav,27,XC546406.ogg,5,172
XC591189_5.wav,27,XC591189.ogg,5,172
XC340516_5.wav,24,XC340516.ogg,5,94
XC391110_5.wav,24,XC391110.ogg,5,94
XC508606_5.wav,24,XC508606.ogg,5,94
XC173759_5.wav,11,XC173759.ogg,5,127
XC361108_5.wav,11,XC361108.ogg,5,127
XC391402_5.wav,11,XC391402.ogg,5,127
XC399501_5.wav,11,XC399501.ogg,5,127
XC457388_5.wav,11,XC457388.ogg,5,127
XC503455_5.wav,11,XC503455.ogg,5,127
XC173760_5.wav,19,XC173760.ogg,5,117
XC288055_5.wav,19,XC288055.ogg,5,117
XC313654_5.wav,19,XC313654.ogg,5,117
XC379150_5.wav,19,XC379150.ogg,5,117
XC48779_5.wav,19,XC48779.ogg,5,117
XC531592_5.wav,19,XC531592.ogg,5,117
XC592837_5.wav,19,XC592837.ogg,5,117
XC1697_5.wav,5,XC1697.ogg,5,93
XC361103_5.wav,5,XC361103.ogg,5,93
XC396701_5.wav,5,XC396701.ogg,5,93
XC486909_5.wav,5,XC486909.ogg,5,93
XC573792_5.wav,5,XC573792.ogg,5,93
XC204203_5.wav,25,XC204203.ogg,5,146
XC283328_5.wav,25,XC283328.ogg,5,146
XC361117_5.wav,25,XC361117.ogg,5,146
XC473675_5.wav,25,XC473675.ogg,5,146
XC492896_5.wav,25,XC492896.ogg,5,146
XC504468_5.wav,25,XC504468.ogg,5,146
XC592835_5.wav,25,XC592835.ogg,5,146
XC610513_5.wav,25,XC610513.ogg,5,146
XC1540_6.wav,23,XC1540.ogg,6,86
XC1562_6.wav,23,XC1562.ogg,6,86
XC57010_6.wav,23,XC57010.ogg,6,86
XC288817_6.wav,10,XC288817.ogg,6,101
XC288823_6.wav,10,XC288823.ogg,6,101
XC288940_6.wav,10,XC288940.ogg,6,101
XC288942_6.wav,10,XC288942.ogg,6,101
XC48295_6.wav,10,XC48295.ogg,6,101
XC503466_6.wav,10,XC503466.ogg,6,101
XC506231_6.wav,10,XC506231.ogg,6,101
XC210083_6.wav,7,XC210083.ogg,6,111
XC351267_6.wav,7,XC351267.ogg,6,111
XC368365_6.wav,7,XC368365.ogg,6,111
XC393684_6.wav,7,XC393684.ogg,6,111
XC394268_6.wav,7,XC394268.ogg,6,111
XC503247_6.wav,7,XC503247.ogg,6,111
XC364277_6.wav,13,XC364277.ogg,6,41
XC605293_6.wav,13,XC605293.ogg,6,41
XC255550_6.wav,16,XC255550.ogg,6,69
XC267908_6.wav,16,XC267908.ogg,6,69
XC390938_6.wav,4,XC390938.ogg,6,71
XC391504_6.wav,4,XC391504.ogg,6,71
XC553377_6.wav,4,XC553377.ogg,6,71
XC195454_6.wav,0,XC195454.ogg,6,96
XC457359_6.wav,0,XC457359.ogg,6,96
XC476264_6.wav,0,XC476264.ogg,6,96
XC537826_6.wav,0,XC537826.ogg,6,96
XC603277_6.wav,0,XC603277.ogg,6,96
XC214288_6.wav,18,XC214288.ogg,6,354
XC214290_6.wav,18,XC214290.ogg,6,354
XC368992_6.wav,18,XC368992.ogg,6,354
XC114492_6.wav,21,XC114492.ogg,6,125
XC114493_6.wav,21,XC114493.ogg,6,125
XC1676_6.wav,21,XC1676.ogg,6,125
XC254601_6.wav,21,XC254601.ogg,6,125
XC361134_6.wav,22,XC361134.ogg,6,59
XC506225_6.wav,22,XC506225.ogg,6,59
XC506234_6.wav,22,XC506234.ogg,6,59
XC617651_6.wav,22,XC617651.ogg,6,59
XC351272_6.wav,6,XC351272.ogg,6,32
XC29073_6.wav,17,XC29073.ogg,6,68
XC574591_6.wav,17,XC574591.ogg,6,68
XC609188_6.wav,17,XC609188.ogg,6,68
XC150915_6.wav,3,XC150915.ogg,6,259
XC1702_6.wav,3,XC1702.ogg,6,259
XC233193_6.wav,3,XC233193.ogg,6,259
XC364127_6.wav,3,XC364127.ogg,6,259
XC38761_6.wav,3,XC38761.ogg,6,259
XC401684_6.wav,3,XC401684.ogg,6,259
XC441550_6.wav,3,XC441550.ogg,6,259
XC572378_6.wav,3,XC572378.ogg,6,259
XC591280_6.wav,3,XC591280.ogg,6,259
XC212725_6.wav,20,XC212725.ogg,6,166
XC344621_6.wav,20,XC344621.ogg,6,166
XC366345_6.wav,20,XC366345.ogg,6,166
XC394279_6.wav,20,XC394279.ogg,6,166
XC458984_6.wav,20,XC458984.ogg,6,166
XC47489_6.wav,20,XC47489.ogg,6,166
XC607187_6.wav,20,XC607187.ogg,6,166
XC290057_6.wav,8,XC290057.ogg,6,61
XC461350_6.wav,8,XC461350.ogg,6,61
XC492619_6.wav,8,XC492619.ogg,6,61
XC492620_6.wav,8,XC492620.ogg,6,61
XC583625_6.wav,8,XC583625.ogg,6,61
XC112712_6.wav,1,XC112712.ogg,6,52
XC112713_6.wav,1,XC112713.ogg,6,52
XC396560_6.wav,27,XC396560.ogg,6,172
XC47141_6.wav,27,XC47141.ogg,6,172
XC475624_6.wav,27,XC475624.ogg,6,172
XC540445_6.wav,27,XC540445.ogg,6,172
XC591189_6.wav,27,XC591189.ogg,6,172
XC391110_6.wav,24,XC391110.ogg,6,94
XC443799_6.wav,24,XC443799.ogg,6,94
XC508606_6.wav,24,XC508606.ogg,6,94
XC361108_6.wav,11,XC361108.ogg,6,127
XC391402_6.wav,11,XC391402.ogg,6,127
XC399501_6.wav,11,XC399501.ogg,6,127
XC457388_6.wav,11,XC457388.ogg,6,127
XC503455_6.wav,11,XC503455.ogg,6,127
XC173760_6.wav,19,XC173760.ogg,6,117
XC288055_6.wav,19,XC288055.ogg,6,117
XC48779_6.wav,19,XC48779.ogg,6,117
XC531592_6.wav,19,XC531592.ogg,6,117
XC592837_6.wav,19,XC592837.ogg,6,117
XC112747_6.wav,5,XC112747.ogg,6,93
XC229252_6.wav,5,XC229252.ogg,6,93
XC396701_6.wav,5,XC396701.ogg,6,93
XC486909_6.wav,5,XC486909.ogg,6,93
XC573792_6.wav,5,XC573792.ogg,6,93
XC204203_6.wav,25,XC204203.ogg,6,146
XC361117_6.wav,25,XC361117.ogg,6,146
XC504468_6.wav,25,XC504468.ogg,6,146
XC592835_6.wav,25,XC592835.ogg,6,146
XC610513_6.wav,25,XC610513.ogg,6,146
XC1562_7.wav,23,XC1562.ogg,7,86
XC57010_7.wav,23,XC57010.ogg,7,86
XC288817_7.wav,10,XC288817.ogg,7,101
XC288823_7.wav,10,XC288823.ogg,7,101
XC288940_7.wav,10,XC288940.ogg,7,101
XC288942_7.wav,10,XC288942.ogg,7,101
XC48295_7.wav,10,XC48295.ogg,7,101
XC503466_7.wav,10,XC503466.ogg,7,101
XC506231_7.wav,10,XC506231.ogg,7,101
XC210083_7.wav,7,XC210083.ogg,7,111
XC368365_7.wav,7,XC368365.ogg,7,111
XC393684_7.wav,7,XC393684.ogg,7,111
XC394268_7.wav,7,XC394268.ogg,7,111
XC503247_7.wav,7,XC503247.ogg,7,111
XC364277_7.wav,13,XC364277.ogg,7,41
XC255550_7.wav,16,XC255550.ogg,7,69
XC553377_7.wav,4,XC553377.ogg,7,71
XC457359_7.wav,0,XC457359.ogg,7,96
XC476264_7.wav,0,XC476264.ogg,7,96
XC537826_7.wav,0,XC537826.ogg,7,96
XC603277_7.wav,0,XC603277.ogg,7,96
XC114492_7.wav,21,XC114492.ogg,7,125
XC114493_7.wav,21,XC114493.ogg,7,125
XC1676_7.wav,21,XC1676.ogg,7,125
XC254601_7.wav,21,XC254601.ogg,7,125
XC506225_7.wav,22,XC506225.ogg,7,59
XC506234_7.wav,22,XC506234.ogg,7,59
XC617651_7.wav,22,XC617651.ogg,7,59
XC351272_7.wav,6,XC351272.ogg,7,32
XC29073_7.wav,17,XC29073.ogg,7,68
XC574591_7.wav,17,XC574591.ogg,7,68
XC609188_7.wav,17,XC609188.ogg,7,68
XC1702_7.wav,3,XC1702.ogg,7,259
XC233193_7.wav,3,XC233193.ogg,7,259
XC364127_7.wav,3,XC364127.ogg,7,259
XC38761_7.wav,3,XC38761.ogg,7,259
XC401684_7.wav,3,XC401684.ogg,7,259
XC441550_7.wav,3,XC441550.ogg,7,259
XC572378_7.wav,3,XC572378.ogg,7,259
XC591280_7.wav,3,XC591280.ogg,7,259
XC212725_7.wav,20,XC212725.ogg,7,166
XC344621_7.wav,20,XC344621.ogg,7,166
XC394279_7.wav,20,XC394279.ogg,7,166
XC458984_7.wav,20,XC458984.ogg,7,166
XC48762_7.wav,20,XC48762.ogg,7,166
XC461350_7.wav,8,XC461350.ogg,7,61
XC492619_7.wav,8,XC492619.ogg,7,61
XC112712_7.wav,1,XC112712.ogg,7,52
XC112713_7.wav,1,XC112713.ogg,7,52
XC374154_7.wav,27,XC374154.ogg,7,172
XC396560_7.wav,27,XC396560.ogg,7,172
XC475624_7.wav,27,XC475624.ogg,7,172
XC540445_7.wav,27,XC540445.ogg,7,172
XC546406_7.wav,27,XC546406.ogg,7,172
XC591189_7.wav,27,XC591189.ogg,7,172
XC508606_7.wav,24,XC508606.ogg,7,94
XC361108_7.wav,11,XC361108.ogg,7,127
XC391402_7.wav,11,XC391402.ogg,7,127
XC399501_7.wav,11,XC399501.ogg,7,127
XC457388_7.wav,11,XC457388.ogg,7,127
XC503455_7.wav,11,XC503455.ogg,7,127
XC173760_7.wav,19,XC173760.ogg,7,117
XC288055_7.wav,19,XC288055.ogg,7,117
XC379150_7.wav,19,XC379150.ogg,7,117
XC531592_7.wav,19,XC531592.ogg,7,117
XC592837_7.wav,19,XC592837.ogg,7,117
XC1697_7.wav,5,XC1697.ogg,7,93
XC396701_7.wav,5,XC396701.ogg,7,93
XC486909_7.wav,5,XC486909.ogg,7,93
XC573792_7.wav,5,XC573792.ogg,7,93
XC204203_7.wav,25,XC204203.ogg,7,146
XC361117_7.wav,25,XC361117.ogg,7,146
XC504468_7.wav,25,XC504468.ogg,7,146
XC610513_7.wav,25,XC610513.ogg,7,146
XC1562_8.wav,23,XC1562.ogg,8,86
XC57010_8.wav,23,XC57010.ogg,8,86
XC288940_8.wav,10,XC288940.ogg,8,101
XC288942_8.wav,10,XC288942.ogg,8,101
XC48295_8.wav,10,XC48295.ogg,8,101
XC503466_8.wav,10,XC503466.ogg,8,101
XC368365_8.wav,7,XC368365.ogg,8,111
XC393684_8.wav,7,XC393684.ogg,8,111
XC394268_8.wav,7,XC394268.ogg,8,111
XC503247_8.wav,7,XC503247.ogg,8,111
XC364277_8.wav,13,XC364277.ogg,8,41
XC255550_8.wav,16,XC255550.ogg,8,69
XC267908_8.wav,16,XC267908.ogg,8,69
XC390938_8.wav,4,XC390938.ogg,8,71
XC391504_8.wav,4,XC391504.ogg,8,71
XC553377_8.wav,4,XC553377.ogg,8,71
XC195454_8.wav,0,XC195454.ogg,8,96
XC457359_8.wav,0,XC457359.ogg,8,96
XC476264_8.wav,0,XC476264.ogg,8,96
XC537826_8.wav,0,XC537826.ogg,8,96
XC603277_8.wav,0,XC603277.ogg,8,96
XC114492_8.wav,21,XC114492.ogg,8,125
XC114493_8.wav,21,XC114493.ogg,8,125
XC1676_8.wav,21,XC1676.ogg,8,125
XC254601_8.wav,21,XC254601.ogg,8,125
XC506225_8.wav,22,XC506225.ogg,8,59
XC506234_8.wav,22,XC506234.ogg,8,59
XC617651_8.wav,22,XC617651.ogg,8,59
XC29073_8.wav,17,XC29073.ogg,8,68
XC574591_8.wav,17,XC574591.ogg,8,68
XC609188_8.wav,17,XC609188.ogg,8,68
XC212725_8.wav,20,XC212725.ogg,8,166
XC344621_8.wav,20,XC344621.ogg,8,166
XC366345_8.wav,20,XC366345.ogg,8,166
XC394279_8.wav,20,XC394279.ogg,8,166
XC458984_8.wav,20,XC458984.ogg,8,166
XC492619_8.wav,8,XC492619.ogg,8,61
XC492620_8.wav,8,XC492620.ogg,8,61
XC112712_8.wav,1,XC112712.ogg,8,52
XC112713_8.wav,1,XC112713.ogg,8,52
XC47141_8.wav,27,XC47141.ogg,8,172
XC475624_8.wav,27,XC475624.ogg,8,172
XC540445_8.wav,27,XC540445.ogg,8,172
XC546406_8.wav,27,XC546406.ogg,8,172
XC391110_8.wav,24,XC391110.ogg,8,94
XC508606_8.wav,24,XC508606.ogg,8,94
XC361108_8.wav,11,XC361108.ogg,8,127
XC391402_8.wav,11,XC391402.ogg,8,127
XC399502_8.wav,11,XC399502.ogg,8,127
XC457388_8.wav,11,XC457388.ogg,8,127
XC173760_8.wav,19,XC173760.ogg,8,117
XC288055_8.wav,19,XC288055.ogg,8,117
XC379150_8.wav,19,XC379150.ogg,8,117
XC531592_8.wav,19,XC531592.ogg,8,117
XC592837_8.wav,19,XC592837.ogg,8,117
XC1697_8.wav,5,XC1697.ogg,8,93
XC229252_8.wav,5,XC229252.ogg,8,93
XC396701_8.wav,5,XC396701.ogg,8,93
XC486909_8.wav,5,XC486909.ogg,8,93
XC573792_8.wav,5,XC573792.ogg,8,93
XC204203_8.wav,25,XC204203.ogg,8,146
XC283328_8.wav,25,XC283328.ogg,8,146
XC361117_8.wav,25,XC361117.ogg,8,146
XC473675_8.wav,25,XC473675.ogg,8,146
XC492896_8.wav,25,XC492896.ogg,8,146
XC504468_8.wav,25,XC504468.ogg,8,146
XC610513_8.wav,25,XC610513.ogg,8,146
XC1562_9.wav,23,XC1562.ogg,9,86
XC57010_9.wav,23,XC57010.ogg,9,86
XC288940_9.wav,10,XC288940.ogg,9,101
XC288942_9.wav,10,XC288942.ogg,9,101
XC48295_9.wav,10,XC48295.ogg,9,101
XC503466_9.wav,10,XC503466.ogg,9,101
XC506231_9.wav,10,XC506231.ogg,9,101
XC368365_9.wav,7,XC368365.ogg,9,111
XC393684_9.wav,7,XC393684.ogg,9,111
XC394268_9.wav,7,XC394268.ogg,9,111
XC503247_9.wav,7,XC503247.ogg,9,111
XC610620_9.wav,13,XC610620.ogg,9,41
XC255550_9.wav,16,XC255550.ogg,9,69
XC390938_9.wav,4,XC390938.ogg,9,71
XC391504_9.wav,4,XC391504.ogg,9,71
XC195454_9.wav,0,XC195454.ogg,9,96
XC457359_9.wav,0,XC457359.ogg,9,96
XC476264_9.wav,0,XC476264.ogg,9,96
XC537826_9.wav,0,XC537826.ogg,9,96
XC603277_9.wav,0,XC603277.ogg,9,96
XC114492_9.wav,21,XC114492.ogg,9,125
XC1676_9.wav,21,XC1676.ogg,9,125
XC254601_9.wav,21,XC254601.ogg,9,125
XC299048_9.wav,21,XC299048.ogg,9,125
XC506234_9.wav,22,XC506234.ogg,9,59
XC617651_9.wav,22,XC617651.ogg,9,59
XC574591_9.wav,17,XC574591.ogg,9,68
XC609188_9.wav,17,XC609188.ogg,9,68
XC212725_9.wav,20,XC212725.ogg,9,166
XC394279_9.wav,20,XC394279.ogg,9,166
XC458984_9.wav,20,XC458984.ogg,9,166
XC607187_9.wav,20,XC607187.ogg,9,166
XC112713_9.wav,1,XC112713.ogg,9,52
XC508606_9.wav,24,XC508606.ogg,9,94
XC361108_9.wav,11,XC361108.ogg,9,127
XC399502_9.wav,11,XC399502.ogg,9,127
XC457388_9.wav,11,XC457388.ogg,9,127
XC503455_9.wav,11,XC503455.ogg,9,127
XC288055_9.wav,19,XC288055.ogg,9,117
XC379150_9.wav,19,XC379150.ogg,9,117
XC531592_9.wav,19,XC531592.ogg,9,117
XC592837_9.wav,19,XC592837.ogg,9,117
XC1697_9.wav,5,XC1697.ogg,9,93
XC396701_9.wav,5,XC396701.ogg,9,93
XC486909_9.wav,5,XC486909.ogg,9,93
XC204203_9.wav,25,XC204203.ogg,9,146
XC283328_9.wav,25,XC283328.ogg,9,146
XC361117_9.wav,25,XC361117.ogg,9,146
XC492896_9.wav,25,XC492896.ogg,9,146
XC610513_9.wav,25,XC610513.ogg,9,146
XC57010_10.wav,23,XC57010.ogg,10,86
XC288940_10.wav,10,XC288940.ogg,10,101
XC288942_10.wav,10,XC288942.ogg,10,101
XC48295_10.wav,10,XC48295.ogg,10,101
XC503466_10.wav,10,XC503466.ogg,10,101
XC210083_10.wav,7,XC210083.ogg,10,111
XC368365_10.wav,7,XC368365.ogg,10,111
XC393684_10.wav,7,XC393684.ogg,10,111
XC394268_10.wav,7,XC394268.ogg,10,111
XC503247_10.wav,7,XC503247.ogg,10,111
XC255550_10.wav,16,XC255550.ogg,10,69
XC267908_10.wav,16,XC267908.ogg,10,69
XC391504_10.wav,4,XC391504.ogg,10,71
XC195454_10.wav,0,XC195454.ogg,10,96
XC457359_10.wav,0,XC457359.ogg,10,96
XC476264_10.wav,0,XC476264.ogg,10,96
XC537826_10.wav,0,XC537826.ogg,10,96
XC603277_10.wav,0,XC603277.ogg,10,96
XC114492_10.wav,21,XC114492.ogg,10,125
XC114493_10.wav,21,XC114493.ogg,10,125
XC1676_10.wav,21,XC1676.ogg,10,125
XC254601_10.wav,21,XC254601.ogg,10,125
XC506225_10.wav,22,XC506225.ogg,10,59
XC351272_10.wav,6,XC351272.ogg,10,32
XC574591_10.wav,17,XC574591.ogg,10,68
XC212725_10.wav,20,XC212725.ogg,10,166
XC366345_10.wav,20,XC366345.ogg,10,166
XC607187_10.wav,20,XC607187.ogg,10,166
XC492620_10.wav,8,XC492620.ogg,10,61
XC112712_10.wav,1,XC112712.ogg,10,52
XC112713_10.wav,1,XC112713.ogg,10,52
XC391110_10.wav,24,XC391110.ogg,10,94
XC508606_10.wav,24,XC508606.ogg,10,94
XC399502_10.wav,11,XC399502.ogg,10,127
XC457388_10.wav,11,XC457388.ogg,10,127
XC503455_10.wav,11,XC503455.ogg,10,127
XC173760_10.wav,19,XC173760.ogg,10,117
XC288055_10.wav,19,XC288055.ogg,10,117
XC379150_10.wav,19,XC379150.ogg,10,117
XC531592_10.wav,19,XC531592.ogg,10,117
XC592837_10.wav,19,XC592837.ogg,10,117
XC229252_10.wav,5,XC229252.ogg,10,93
XC396701_10.wav,5,XC396701.ogg,10,93
XC204203_10.wav,25,XC204203.ogg,10,146
XC361117_10.wav,25,XC361117.ogg,10,146
XC492896_10.wav,25,XC492896.ogg,10,146
XC57010_11.wav,23,XC57010.ogg,11,86
XC288942_11.wav,10,XC288942.ogg,11,101
XC48295_11.wav,10,XC48295.ogg,11,101
XC210083_11.wav,7,XC210083.ogg,11,111
XC368365_11.wav,7,XC368365.ogg,11,111
XC394268_11.wav,7,XC394268.ogg,11,111
XC503247_11.wav,7,XC503247.ogg,11,111
XC255550_11.wav,16,XC255550.ogg,11,69
XC267908_11.wav,16,XC267908.ogg,11,69
XC390938_11.wav,4,XC390938.ogg,11,71
XC391504_11.wav,4,XC391504.ogg,11,71
XC195454_11.wav,0,XC195454.ogg,11,96
XC457359_11.wav,0,XC457359.ogg,11,96
XC603277_11.wav,0,XC603277.ogg,11,96
XC114493_11.wav,21,XC114493.ogg,11,125
XC1676_11.wav,21,XC1676.ogg,11,125
XC254601_11.wav,21,XC254601.ogg,11,125
XC506225_11.wav,22,XC506225.ogg,11,59
XC351272_11.wav,6,XC351272.ogg,11,32
XC574591_11.wav,17,XC574591.ogg,11,68
XC212725_11.wav,20,XC212725.ogg,11,166
XC458984_11.wav,20,XC458984.ogg,11,166
XC607187_11.wav,20,XC607187.ogg,11,166
XC112712_11.wav,1,XC112712.ogg,11,52
XC112713_11.wav,1,XC112713.ogg,11,52
XC391110_11.wav,24,XC391110.ogg,11,94
XC508606_11.wav,24,XC508606.ogg,11,94
XC361108_11.wav,11,XC361108.ogg,11,127
XC399502_11.wav,11,XC399502.ogg,11,127
XC457388_11.wav,11,XC457388.ogg,11,127
XC503455_11.wav,11,XC503455.ogg,11,127
XC288055_11.wav,19,XC288055.ogg,11,117
XC379150_11.wav,19,XC379150.ogg,11,117
XC531592_11.wav,19,XC531592.ogg,11,117
XC592837_11.wav,19,XC592837.ogg,11,117
XC396701_11.wav,5,XC396701.ogg,11,93
XC204203_11.wav,25,XC204203.ogg,11,146
XC361117_11.wav,25,XC361117.ogg,11,146
XC57010_12.wav,23,XC57010.ogg,12,86
XC288942_12.wav,10,XC288942.ogg,12,101
XC48295_12.wav,10,XC48295.ogg,12,101
XC506231_12.wav,10,XC506231.ogg,12,101
XC210083_12.wav,7,XC210083.ogg,12,111
XC368365_12.wav,7,XC368365.ogg,12,111
XC393684_12.wav,7,XC393684.ogg,12,111
XC503247_12.wav,7,XC503247.ogg,12,111
XC255550_12.wav,16,XC255550.ogg,12,69
XC390938_12.wav,4,XC390938.ogg,12,71
XC457359_12.wav,0,XC457359.ogg,12,96
XC603277_12.wav,0,XC603277.ogg,12,96
XC114492_12.wav,21,XC114492.ogg,12,125
XC114493_12.wav,21,XC114493.ogg,12,125
XC1676_12.wav,21,XC1676.ogg,12,125
XC254601_12.wav,21,XC254601.ogg,12,125
XC506225_12.wav,22,XC506225.ogg,12,59
XC351272_12.wav,6,XC351272.ogg,12,32
XC574591_12.wav,17,XC574591.ogg,12,68
XC212725_12.wav,20,XC212725.ogg,12,166
XC458984_12.wav,20,XC458984.ogg,12,166
XC607187_12.wav,20,XC607187.ogg,12,166
XC112712_12.wav,1,XC112712.ogg,12,52
XC391110_12.wav,24,XC391110.ogg,12,94
XC443799_12.wav,24,XC443799.ogg,12,94
XC508606_12.wav,24,XC508606.ogg,12,94
XC361108_12.wav,11,XC361108.ogg,12,127
XC399502_12.wav,11,XC399502.ogg,12,127
XC457388_12.wav,11,XC457388.ogg,12,127
XC503455_12.wav,11,XC503455.ogg,12,127
XC173760_12.wav,19,XC173760.ogg,12,117
XC288055_12.wav,19,XC288055.ogg,12,117
XC379150_12.wav,19,XC379150.ogg,12,117
XC531592_12.wav,19,XC531592.ogg,12,117
XC592837_12.wav,19,XC592837.ogg,12,117
XC396701_12.wav,5,XC396701.ogg,12,93
XC204203_12.wav,25,XC204203.ogg,12,146
XC361117_12.wav,25,XC361117.ogg,12,146
XC492896_12.wav,25,XC492896.ogg,12,146
XC610513_12.wav,25,XC610513.ogg,12,146
XC57010_13.wav,23,XC57010.ogg,13,86
XC288942_13.wav,10,XC288942.ogg,13,101
XC368365_13.wav,7,XC368365.ogg,13,111
XC393684_13.wav,7,XC393684.ogg,13,111
XC503247_13.wav,7,XC503247.ogg,13,111
XC255550_13.wav,16,XC255550.ogg,13,69
XC267908_13.wav,16,XC267908.ogg,13,69
XC391504_13.wav,4,XC391504.ogg,13,71
XC195454_13.wav,0,XC195454.ogg,13,96
XC457359_13.wav,0,XC457359.ogg,13,96
XC603277_13.wav,0,XC603277.ogg,13,96
XC114492_13.wav,21,XC114492.ogg,13,125
XC574591_13.wav,17,XC574591.ogg,13,68
XC212725_13.wav,20,XC212725.ogg,13,166
XC458984_13.wav,20,XC458984.ogg,13,166
XC492620_13.wav,8,XC492620.ogg,13,61
XC112712_13.wav,1,XC112712.ogg,13,52
XC391110_13.wav,24,XC391110.ogg,13,94
XC508606_13.wav,24,XC508606.ogg,13,94
XC399502_13.wav,11,XC399502.ogg,13,127
XC503455_13.wav,11,XC503455.ogg,13,127
XC288055_13.wav,19,XC288055.ogg,13,117
XC379150_13.wav,19,XC379150.ogg,13,117
XC531592_13.wav,19,XC531592.ogg,13,117
XC396701_13.wav,5,XC396701.ogg,13,93
XC204203_13.wav,25,XC204203.ogg,13,146
XC361117_13.wav,25,XC361117.ogg,13,146
XC610513_13.wav,25,XC610513.ogg,13,146
XC57010_14.wav,23,XC57010.ogg,14,86
XC506231_14.wav,10,XC506231.ogg,14,101
XC368365_14.wav,7,XC368365.ogg,14,111
XC503247_14.wav,7,XC503247.ogg,14,111
XC255550_14.wav,16,XC255550.ogg,14,69
XC267908_14.wav,16,XC267908.ogg,14,69
XC457359_14.wav,0,XC457359.ogg,14,96
XC603277_14.wav,0,XC603277.ogg,14,96
XC114492_14.wav,21,XC114492.ogg,14,125
XC114493_14.wav,21,XC114493.ogg,14,125
XC506225_14.wav,22,XC506225.ogg,14,59
XC351272_14.wav,6,XC351272.ogg,14,32
XC574591_14.wav,17,XC574591.ogg,14,68
XC583625_14.wav,8,XC583625.ogg,14,61
XC112712_14.wav,1,XC112712.ogg,14,52
XC391110_14.wav,24,XC391110.ogg,14,94
XC443799_14.wav,24,XC443799.ogg,14,94
XC508606_14.wav,24,XC508606.ogg,14,94
XC361108_14.wav,11,XC361108.ogg,14,127
XC399502_14.wav,11,XC399502.ogg,14,127
XC503455_14.wav,11,XC503455.ogg,14,127
XC288055_14.wav,19,XC288055.ogg,14,117
XC396701_14.wav,5,XC396701.ogg,14,93
XC204203_14.wav,25,XC204203.ogg,14,146
XC361117_14.wav,25,XC361117.ogg,14,146
XC57010_15.wav,23,XC57010.ogg,15,86
XC48295_15.wav,10,XC48295.ogg,15,101
XC506231_15.wav,10,XC506231.ogg,15,101
XC368365_15.wav,7,XC368365.ogg,15,111
XC393684_15.wav,7,XC393684.ogg,15,111
XC503247_15.wav,7,XC503247.ogg,15,111
XC255550_15.wav,16,XC255550.ogg,15,69
XC457359_15.wav,0,XC457359.ogg,15,96
XC603277_15.wav,0,XC603277.ogg,15,96
XC114492_15.wav,21,XC114492.ogg,15,125
XC506225_15.wav,22,XC506225.ogg,15,59
XC574591_15.wav,17,XC574591.ogg,15,68
XC112712_15.wav,1,XC112712.ogg,15,52
XC391110_15.wav,24,XC391110.ogg,15,94
XC443799_15.wav,24,XC443799.ogg,15,94
XC508606_15.wav,24,XC508606.ogg,15,94
XC361108_15.wav,11,XC361108.ogg,15,127
XC399502_15.wav,11,XC399502.ogg,15,127
XC503455_15.wav,11,XC503455.ogg,15,127
XC288055_15.wav,19,XC288055.ogg,15,117
XC531592_15.wav,19,XC531592.ogg,15,117
XC396701_15.wav,5,XC396701.ogg,15,93
XC204203_15.wav,25,XC204203.ogg,15,146
XC492896_15.wav,25,XC492896.ogg,15,146
XC57010_16.wav,23,XC57010.ogg,16,86
XC368365_16.wav,7,XC368365.ogg,16,111
XC503247_16.wav,7,XC503247.ogg,16,111
XC255550_16.wav,16,XC255550.ogg,16,69
XC267908_16.wav,16,XC267908.ogg,16,69
XC457359_16.wav,0,XC457359.ogg,16,96
XC603277_16.wav,0,XC603277.ogg,16,96
XC114492_16.wav,21,XC114492.ogg,16,125
XC351272_16.wav,6,XC351272.ogg,16,32
XC574591_16.wav,17,XC574591.ogg,16,68
XC112712_16.wav,1,XC112712.ogg,16,52
XC391110_16.wav,24,XC391110.ogg,16,94
XC508606_16.wav,24,XC508606.ogg,16,94
XC361108_16.wav,11,XC361108.ogg,16,127
XC399502_16.wav,11,XC399502.ogg,16,127
XC503455_16.wav,11,XC503455.ogg,16,127
XC288055_16.wav,19,XC288055.ogg,16,117
XC531592_16.wav,19,XC531592.ogg,16,117
XC396701_16.wav,5,XC396701.ogg,16,93
XC204203_16.wav,25,XC204203.ogg,16,146
XC361117_16.wav,25,XC361117.ogg,16,146
XC57010_17.wav,23,XC57010.ogg,17,86
XC368365_17.wav,7,XC368365.ogg,17,111
XC503247_17.wav,7,XC503247.ogg,17,111
XC255550_17.wav,16,XC255550.ogg,17,69
XC267908_17.wav,16,XC267908.ogg,17,69
XC457359_17.wav,0,XC457359.ogg,17,96
XC603277_17.wav,0,XC603277.ogg,17,96
XC351272_17.wav,6,XC351272.ogg,17,32
XC574591_17.wav,17,XC574591.ogg,17,68
XC112712_17.wav,1,XC112712.ogg,17,52
XC391110_17.wav,24,XC391110.ogg,17,94
XC443799_17.wav,24,XC443799.ogg,17,94
XC508606_17.wav,24,XC508606.ogg,17,94
XC399502_17.wav,11,XC399502.ogg,17,127
XC503455_17.wav,11,XC503455.ogg,17,127
XC288055_17.wav,19,XC288055.ogg,17,117
XC396701_17.wav,5,XC396701.ogg,17,93
XC57010_18.wav,23,XC57010.ogg,18,86
XC368365_18.wav,7,XC368365.ogg,18,111
XC255550_18.wav,16,XC255550.ogg,18,69
XC390938_18.wav,4,XC390938.ogg,18,71
XC457359_18.wav,0,XC457359.ogg,18,96
XC603277_18.wav,0,XC603277.ogg,18,96
XC506225_18.wav,22,XC506225.ogg,18,59
XC574591_18.wav,17,XC574591.ogg,18,68
XC112712_18.wav,1,XC112712.ogg,18,52
XC391110_18.wav,24,XC391110.ogg,18,94
XC443799_18.wav,24,XC443799.ogg,18,94
XC508606_18.wav,24,XC508606.ogg,18,94
XC361108_18.wav,11,XC361108.ogg,18,127
XC396701_18.wav,5,XC396701.ogg,18,93
XC368365_19.wav,7,XC368365.ogg,19,111
XC255550_19.wav,16,XC255550.ogg,19,69
XC267908_19.wav,16,XC267908.ogg,19,69
XC390938_19.wav,4,XC390938.ogg,19,71
XC457359_19.wav,0,XC457359.ogg,19,96
XC603277_19.wav,0,XC603277.ogg,19,96
XC574591_19.wav,17,XC574591.ogg,19,68
XC112712_19.wav,1,XC112712.ogg,19,52
XC391110_19.wav,24,XC391110.ogg,19,94
XC288055_19.wav,19,XC288055.ogg,19,117
XC396701_19.wav,5,XC396701.ogg,19,93
XC255550_20.wav,16,XC255550.ogg,20,69
XC390938_20.wav,4,XC390938.ogg,20,71
XC457359_20.wav,0,XC457359.ogg,20,96
XC574591_20.wav,17,XC574591.ogg,20,68
XC112712_20.wav,1,XC112712.ogg,20,52
XC391110_20.wav,24,XC391110.ogg,20,94
XC396701_20.wav,5,XC396701.ogg,20,93
XC255550_21.wav,16,XC255550.ogg,21,69
XC390938_21.wav,4,XC390938.ogg,21,71
XC457359_21.wav,0,XC457359.ogg,21,96
XC574591_21.wav,17,XC574591.ogg,21,68
XC391110_21.wav,24,XC391110.ogg,21,94
XC288055_21.wav,19,XC288055.ogg,21,117
XC255550_22.wav,16,XC255550.ogg,22,69
XC390938_22.wav,4,XC390938.ogg,22,71
XC457359_22.wav,0,XC457359.ogg,22,96
XC574591_22.wav,17,XC574591.ogg,22,68
XC391110_22.wav,24,XC391110.ogg,22,94
XC288055_22.wav,19,XC288055.ogg,22,117
XC255550_23.wav,16,XC255550.ogg,23,69
XC457359_23.wav,0,XC457359.ogg,23,96
XC574591_23.wav,17,XC574591.ogg,23,68
XC391110_23.wav,24,XC391110.ogg,23,94
XC288055_23.wav,19,XC288055.ogg,23,117
XC255550_24.wav,16,XC255550.ogg,24,69
XC457359_24.wav,0,XC457359.ogg,24,96
XC390938_25.wav,4,XC390938.ogg,25,71
XC457359_25.wav,0,XC457359.ogg,25,96
XC457359_26.wav,0,XC457359.ogg,26,96
XC457359_27.wav,0,XC457359.ogg,27,96
XC574591_27.wav,17,XC574591.ogg,27,68
