filename,class_id,author
XC16121_0_0.npy,25,133
XC29291_1_1.npy,25,133
XC29292_2_2.npy,25,133
XC29293_3_3.npy,25,133
XC29294_4_4.npy,25,133
XC29297_5_5.npy,25,133
XC29297_6_6.npy,25,133
XC29298_7_7.npy,25,133
XC29299_8_8.npy,25,133
XC29300_9_9.npy,25,133
XC345967_10_10.npy,25,152
XC345967_11_11.npy,25,152
XC345967_12_12.npy,25,152
XC345967_13_13.npy,25,152
XC345968_14_14.npy,25,152
XC345968_15_15.npy,25,152
XC345968_16_16.npy,25,152
XC354169_17_17.npy,25,82
XC354169_18_18.npy,25,82
XC354169_19_19.npy,25,82
XC354169_20_20.npy,25,82
XC354169_21_21.npy,25,82
XC354169_22_22.npy,25,82
XC354169_23_23.npy,25,82
XC354169_24_24.npy,25,82
XC354169_25_25.npy,25,82
XC354169_26_26.npy,25,82
XC354169_27_27.npy,25,82
XC354169_28_28.npy,25,82
XC354169_29_29.npy,25,82
XC354169_30_30.npy,25,82
XC354169_31_31.npy,25,82
XC354169_32_32.npy,25,82
XC354169_33_33.npy,25,82
XC354169_34_34.npy,25,82
XC391618_35_35.npy,25,18
XC391618_36_36.npy,25,18
XC391618_37_37.npy,25,18
XC391618_38_38.npy,25,18
XC391618_39_39.npy,25,18
XC391618_40_40.npy,25,18
XC395079_41_41.npy,25,101
XC395079_42_42.npy,25,101
XC395079_43_43.npy,25,101
XC395079_44_44.npy,25,101
XC395079_45_45.npy,25,101
XC395079_46_46.npy,25,101
XC395079_47_47.npy,25,101
XC395079_48_48.npy,25,101
XC436521_49_49.npy,25,158
XC436521_50_50.npy,25,158
XC436521_51_51.npy,25,158
XC436521_52_52.npy,25,158
XC436521_53_53.npy,25,158
XC44225_54_54.npy,25,125
XC461848_55_55.npy,25,159
XC461848_56_56.npy,25,159
XC52032_57_57.npy,25,20
XC52033_58_58.npy,25,20
XC52033_59_59.npy,25,20
XC57009_60_60.npy,25,122
XC57009_61_61.npy,25,122
XC57010_62_62.npy,25,122
XC57010_63_63.npy,25,122
XC57010_64_64.npy,25,122
XC57010_65_65.npy,25,122
XC57010_66_66.npy,25,122
XC57010_67_67.npy,25,122
XC57010_68_68.npy,25,122
XC57010_69_69.npy,25,122
XC57010_70_70.npy,25,122
XC57010_71_71.npy,25,122
XC57010_72_72.npy,25,122
XC57010_73_73.npy,25,122
XC57010_74_74.npy,25,122
XC57010_75_75.npy,25,122
XC57010_76_76.npy,25,122
XC57010_77_77.npy,25,122
XC57010_78_78.npy,25,122
XC57010_79_79.npy,25,122
XC57010_80_80.npy,25,122
XC173565_81_81.npy,3,49
XC173565_82_82.npy,3,49
XC173565_83_83.npy,3,49
XC175745_84_84.npy,3,98
XC175745_85_85.npy,3,98
XC175745_86_86.npy,3,98
XC190593_87_87.npy,3,73
XC190593_88_88.npy,3,73
XC190593_89_89.npy,3,73
XC190593_90_90.npy,3,73
XC190593_91_91.npy,3,73
XC190593_92_92.npy,3,73
XC190593_93_93.npy,3,73
XC190593_94_94.npy,3,73
XC190593_95_95.npy,3,73
XC190593_96_96.npy,3,73
XC190593_97_97.npy,3,73
XC190593_98_98.npy,3,73
XC190593_99_99.npy,3,73
XC190593_100_100.npy,3,73
XC190593_101_101.npy,3,73
XC269287_102_102.npy,3,40
XC269287_103_103.npy,3,40
XC294693_104_104.npy,3,49
XC294693_105_105.npy,3,49
XC294693_106_106.npy,3,49
XC294693_107_107.npy,3,49
XC393165_108_108.npy,3,130
XC393165_109_109.npy,3,130
XC393165_110_110.npy,3,130
XC393165_111_111.npy,3,130
XC393165_112_112.npy,3,130
XC393165_113_113.npy,3,130
XC393165_114_114.npy,3,130
XC393165_115_115.npy,3,130
XC393165_116_116.npy,3,130
XC393165_117_117.npy,3,130
XC393165_118_118.npy,3,130
XC393165_119_119.npy,3,130
XC393165_120_120.npy,3,130
XC393165_121_121.npy,3,130
XC393396_122_122.npy,3,130
XC393396_123_123.npy,3,130
XC393396_124_124.npy,3,130
XC393396_125_125.npy,3,130
XC393396_126_126.npy,3,130
XC393396_127_127.npy,3,130
XC393396_128_128.npy,3,130
XC393396_129_129.npy,3,130
XC393396_130_130.npy,3,130
XC393396_131_131.npy,3,130
XC393396_132_132.npy,3,130
XC393396_133_133.npy,3,130
XC393396_134_134.npy,3,130
XC393396_135_135.npy,3,130
XC393396_136_136.npy,3,130
XC428514_137_137.npy,3,170
XC428560_138_138.npy,3,170
XC428560_139_139.npy,3,170
XC428560_140_140.npy,3,170
XC428560_141_141.npy,3,170
XC428560_142_142.npy,3,170
XC428560_143_143.npy,3,170
XC428560_144_144.npy,3,170
XC428560_145_145.npy,3,170
XC70807_146_146.npy,3,43
XC84472_147_147.npy,3,92
XC84472_148_148.npy,3,92
XC84472_149_149.npy,3,92
XC123670_150_150.npy,27,55
XC123670_151_151.npy,27,55
XC123670_152_152.npy,27,55
XC123670_153_153.npy,27,55
XC123670_154_154.npy,27,55
XC123670_155_155.npy,27,55
XC123670_156_156.npy,27,55
XC123670_157_157.npy,27,55
XC124607_158_158.npy,27,55
XC124607_159_159.npy,27,55
XC124607_160_160.npy,27,55
XC124607_161_161.npy,27,55
XC124607_162_162.npy,27,55
XC124607_163_163.npy,27,55
XC139971_164_164.npy,27,62
XC139971_165_165.npy,27,62
XC139971_166_166.npy,27,62
XC139971_167_167.npy,27,62
XC139971_168_168.npy,27,62
XC139971_169_169.npy,27,62
XC139971_170_170.npy,27,62
XC139971_171_171.npy,27,62
XC139971_172_172.npy,27,62
XC139971_173_173.npy,27,62
XC139971_174_174.npy,27,62
XC139971_175_175.npy,27,62
XC139971_176_176.npy,27,62
XC139971_177_177.npy,27,62
XC139971_178_178.npy,27,62
XC150586_179_179.npy,27,39
XC150586_180_180.npy,27,39
XC150586_181_181.npy,27,39
XC150586_182_182.npy,27,39
XC150586_183_183.npy,27,39
XC150586_184_184.npy,27,39
XC150586_185_185.npy,27,39
XC150586_186_186.npy,27,39
XC150586_187_187.npy,27,39
XC150586_188_188.npy,27,39
XC150586_189_189.npy,27,39
XC150586_190_190.npy,27,39
XC150586_191_191.npy,27,39
XC150586_192_192.npy,27,39
XC150586_193_193.npy,27,39
XC150586_194_194.npy,27,39
XC150586_195_195.npy,27,39
XC150586_196_196.npy,27,39
XC151239_197_197.npy,27,39
XC151239_198_198.npy,27,39
XC151239_199_199.npy,27,39
XC151239_200_200.npy,27,39
XC151239_201_201.npy,27,39
XC151239_202_202.npy,27,39
XC151239_203_203.npy,27,39
XC151239_204_204.npy,27,39
XC151239_205_205.npy,27,39
XC151239_206_206.npy,27,39
XC151239_207_207.npy,27,39
XC171185_208_208.npy,27,71
XC171185_209_209.npy,27,71
XC171185_210_210.npy,27,71
XC171185_211_211.npy,27,71
XC171185_212_212.npy,27,71
XC171185_213_213.npy,27,71
XC171185_214_214.npy,27,71
XC241075_215_215.npy,27,92
XC241075_216_216.npy,27,92
XC241075_217_217.npy,27,92
XC241075_218_218.npy,27,92
XC241075_219_219.npy,27,92
XC241079_220_220.npy,27,92
XC241079_221_221.npy,27,92
XC241079_222_222.npy,27,92
XC414684_223_223.npy,27,70
XC414684_224_224.npy,27,70
XC414684_225_225.npy,27,70
XC414684_226_226.npy,27,70
XC414684_227_227.npy,27,70
XC414684_228_228.npy,27,70
XC414684_229_229.npy,27,70
XC414684_230_230.npy,27,70
XC414684_231_231.npy,27,70
XC414684_232_232.npy,27,70
XC414684_233_233.npy,27,70
XC414684_234_234.npy,27,70
XC414684_235_235.npy,27,70
XC414684_236_236.npy,27,70
XC414684_237_237.npy,27,70
XC414684_238_238.npy,27,70
XC414684_239_239.npy,27,70
XC414684_240_240.npy,27,70
XC414684_241_241.npy,27,70
XC414684_242_242.npy,27,70
XC414684_243_243.npy,27,70
XC414684_244_244.npy,27,70
XC414684_245_245.npy,27,70
XC414684_246_246.npy,27,70
XC414684_247_247.npy,27,70
XC414684_248_248.npy,27,70
XC414684_249_249.npy,27,70
XC199138_250_250.npy,31,73
XC214834_251_251.npy,31,15
XC214834_252_252.npy,31,15
XC233194_253_253.npy,31,107
XC233194_254_254.npy,31,107
XC233194_255_255.npy,31,107
XC233194_256_256.npy,31,107
XC233194_257_257.npy,31,107
XC233194_258_258.npy,31,107
XC233194_259_259.npy,31,107
XC233194_260_260.npy,31,107
XC233194_261_261.npy,31,107
XC233194_262_262.npy,31,107
XC233194_263_263.npy,31,107
XC233194_264_264.npy,31,107
XC233194_265_265.npy,31,107
XC233194_266_266.npy,31,107
XC233194_267_267.npy,31,107
XC233194_268_268.npy,31,107
XC288278_269_269.npy,31,66
XC288278_270_270.npy,31,66
XC288278_271_271.npy,31,66
XC32427_272_272.npy,31,133
XC32427_273_273.npy,31,133
XC32427_274_274.npy,31,133
XC32428_275_275.npy,31,133
XC32428_276_276.npy,31,133
XC343213_277_277.npy,31,78
XC343213_278_278.npy,31,78
XC402632_279_279.npy,31,169
XC402632_280_280.npy,31,169
XC402632_281_281.npy,31,169
XC442386_282_282.npy,31,158
XC442386_283_283.npy,31,158
XC442386_284_284.npy,31,158
XC442386_285_285.npy,31,158
XC442386_286_286.npy,31,158
XC442386_287_287.npy,31,158
XC442386_288_288.npy,31,158
XC47146_289_289.npy,31,20
XC47146_290_290.npy,31,20
XC47146_291_291.npy,31,20
XC47146_292_292.npy,31,20
XC47146_293_293.npy,31,20
XC47146_294_294.npy,31,20
XC51124_295_295.npy,31,20
XC51124_296_296.npy,31,20
XC51124_297_297.npy,31,20
XC51125_298_298.npy,31,20
XC511455_299_299.npy,31,121
XC511455_300_300.npy,31,121
XC511455_301_301.npy,31,121
XC511455_302_302.npy,31,121
XC511455_303_303.npy,31,121
XC511455_304_304.npy,31,121
XC592932_305_305.npy,31,116
XC592932_306_306.npy,31,116
XC592932_307_307.npy,31,116
XC592932_308_308.npy,31,116
XC610515_309_309.npy,31,0
XC610515_310_310.npy,31,0
XC610515_311_311.npy,31,0
XC610515_312_312.npy,31,0
XC610515_313_313.npy,31,0
XC615115_314_314.npy,31,87
XC114060_315_315.npy,12,94
XC114060_316_316.npy,12,94
XC114060_317_317.npy,12,94
XC114060_318_318.npy,12,94
XC114060_319_319.npy,12,94
XC114060_320_320.npy,12,94
XC124621_321_321.npy,12,55
XC195662_322_322.npy,12,40
XC195662_323_323.npy,12,40
XC195662_324_324.npy,12,40
XC195662_325_325.npy,12,40
XC195662_326_326.npy,12,40
XC211404_327_327.npy,12,64
XC211404_328_328.npy,12,64
XC211404_329_329.npy,12,64
XC211404_330_330.npy,12,64
XC211404_331_331.npy,12,64
XC211404_332_332.npy,12,64
XC288817_333_333.npy,12,133
XC288817_334_334.npy,12,133
XC288817_335_335.npy,12,133
XC288817_336_336.npy,12,133
XC288817_337_337.npy,12,133
XC288817_338_338.npy,12,133
XC288817_339_339.npy,12,133
XC288817_340_340.npy,12,133
XC288823_341_341.npy,12,133
XC288823_342_342.npy,12,133
XC288823_343_343.npy,12,133
XC288823_344_344.npy,12,133
XC288823_345_345.npy,12,133
XC288823_346_346.npy,12,133
XC288823_347_347.npy,12,133
XC288823_348_348.npy,12,133
XC288940_349_349.npy,12,8
XC288940_350_350.npy,12,8
XC288940_351_351.npy,12,8
XC288940_352_352.npy,12,8
XC288940_353_353.npy,12,8
XC288940_354_354.npy,12,8
XC288940_355_355.npy,12,8
XC288940_356_356.npy,12,8
XC288940_357_357.npy,12,8
XC288940_358_358.npy,12,8
XC288940_359_359.npy,12,8
XC288940_360_360.npy,12,8
XC288942_361_361.npy,12,8
XC288942_362_362.npy,12,8
XC288942_363_363.npy,12,8
XC288942_364_364.npy,12,8
XC288942_365_365.npy,12,8
XC288942_366_366.npy,12,8
XC288942_367_367.npy,12,8
XC288942_368_368.npy,12,8
XC288942_369_369.npy,12,8
XC288942_370_370.npy,12,8
XC288942_371_371.npy,12,8
XC288942_372_372.npy,12,8
XC288942_373_373.npy,12,8
XC288942_374_374.npy,12,8
XC295349_375_375.npy,12,64
XC295349_376_376.npy,12,64
XC301359_377_377.npy,12,64
XC301359_378_378.npy,12,64
XC301359_379_379.npy,12,64
XC301361_380_380.npy,12,64
XC301361_381_381.npy,12,64
XC301361_382_382.npy,12,64
XC301361_383_383.npy,12,64
XC301361_384_384.npy,12,64
XC301361_385_385.npy,12,64
XC301362_386_386.npy,12,64
XC301362_387_387.npy,12,64
XC301362_388_388.npy,12,64
XC301362_389_389.npy,12,64
XC313640_390_390.npy,12,32
XC313640_391_391.npy,12,32
XC313640_392_392.npy,12,32
XC313640_393_393.npy,12,32
XC313640_394_394.npy,12,32
XC32317_395_395.npy,12,133
XC32317_396_396.npy,12,133
XC32317_397_397.npy,12,133
XC32318_398_398.npy,12,133
XC323907_399_399.npy,12,64
XC323907_400_400.npy,12,64
XC323907_401_401.npy,12,64
XC323907_402_402.npy,12,64
XC323907_403_403.npy,12,64
XC323907_404_404.npy,12,64
XC323907_405_405.npy,12,64
XC323907_406_406.npy,12,64
XC323907_407_407.npy,12,64
XC377334_408_408.npy,12,167
XC377334_409_409.npy,12,167
XC377334_410_410.npy,12,167
XC387807_411_411.npy,12,47
XC387807_412_412.npy,12,47
XC387807_413_413.npy,12,47
XC387807_414_414.npy,12,47
XC173969_415_415.npy,11,49
XC173969_416_416.npy,11,49
XC173969_417_417.npy,11,49
XC173969_418_418.npy,11,49
XC173969_419_419.npy,11,49
XC210083_420_420.npy,11,92
XC210083_421_421.npy,11,92
XC210083_422_422.npy,11,92
XC210083_423_423.npy,11,92
XC210083_424_424.npy,11,92
XC210083_425_425.npy,11,92
XC210083_426_426.npy,11,92
XC210083_427_427.npy,11,92
XC210083_428_428.npy,11,92
XC210083_429_429.npy,11,92
XC210083_430_430.npy,11,92
XC210083_431_431.npy,11,92
XC210083_432_432.npy,11,92
XC228605_433_433.npy,11,15
XC228605_434_434.npy,11,15
XC228605_435_435.npy,11,15
XC247450_436_436.npy,11,40
XC247450_437_437.npy,11,40
XC247450_438_438.npy,11,40
XC290415_439_439.npy,11,175
XC295771_440_440.npy,11,64
XC295771_441_441.npy,11,64
XC295771_442_442.npy,11,64
XC295771_443_443.npy,11,64
XC295771_444_444.npy,11,64
XC295771_445_445.npy,11,64
XC295771_446_446.npy,11,64
XC295771_447_447.npy,11,64
XC295771_448_448.npy,11,64
XC295771_449_449.npy,11,64
XC295773_450_450.npy,11,64
XC295773_451_451.npy,11,64
XC295773_452_452.npy,11,64
XC295773_453_453.npy,11,64
XC332778_454_454.npy,11,128
XC332778_455_455.npy,11,128
XC351267_456_456.npy,11,92
XC351267_457_457.npy,11,92
XC351267_458_458.npy,11,92
XC351267_459_459.npy,11,92
XC351267_460_460.npy,11,92
XC351267_461_461.npy,11,92
XC351267_462_462.npy,11,92
XC351267_463_463.npy,11,92
XC368365_464_464.npy,11,70
XC368365_465_465.npy,11,70
XC368365_466_466.npy,11,70
XC368365_467_467.npy,11,70
XC368365_468_468.npy,11,70
XC368365_469_469.npy,11,70
XC368365_470_470.npy,11,70
XC368365_471_471.npy,11,70
XC368365_472_472.npy,11,70
XC368365_473_473.npy,11,70
XC368365_474_474.npy,11,70
XC368365_475_475.npy,11,70
XC368365_476_476.npy,11,70
XC368365_477_477.npy,11,70
XC368365_478_478.npy,11,70
XC368365_479_479.npy,11,70
XC368365_480_480.npy,11,70
XC368365_481_481.npy,11,70
XC368365_482_482.npy,11,70
XC368365_483_483.npy,11,70
XC368365_484_484.npy,11,70
XC393684_485_485.npy,11,130
XC393684_486_486.npy,11,130
XC393684_487_487.npy,11,130
XC393684_488_488.npy,11,130
XC393684_489_489.npy,11,130
XC393684_490_490.npy,11,130
XC393684_491_491.npy,11,130
XC393684_492_492.npy,11,130
XC393684_493_493.npy,11,130
XC393684_494_494.npy,11,130
XC393684_495_495.npy,11,130
XC393684_496_496.npy,11,130
XC393684_497_497.npy,11,130
XC393684_498_498.npy,11,130
XC393684_499_499.npy,11,130
XC393684_500_500.npy,11,130
XC394268_501_501.npy,11,130
XC394268_502_502.npy,11,130
XC394268_503_503.npy,11,130
XC394268_504_504.npy,11,130
XC394268_505_505.npy,11,130
XC394268_506_506.npy,11,130
XC394268_507_507.npy,11,130
XC394268_508_508.npy,11,130
XC394268_509_509.npy,11,130
XC394268_510_510.npy,11,130
XC394268_511_511.npy,11,130
XC394268_512_512.npy,11,130
XC394273_513_513.npy,11,130
XC394273_514_514.npy,11,130
XC124010_515_515.npy,2,39
XC124010_516_516.npy,2,39
XC124010_517_517.npy,2,39
XC124010_518_518.npy,2,39
XC124010_519_519.npy,2,39
XC124010_520_520.npy,2,39
XC124010_521_521.npy,2,39
XC124010_522_522.npy,2,39
XC124010_523_523.npy,2,39
XC124010_524_524.npy,2,39
XC124010_525_525.npy,2,39
XC124010_526_526.npy,2,39
XC124010_527_527.npy,2,39
XC124010_528_528.npy,2,39
XC139233_529_529.npy,2,20
XC139233_530_530.npy,2,20
XC139233_531_531.npy,2,20
XC139234_532_532.npy,2,20
XC139234_533_533.npy,2,20
XC139234_534_534.npy,2,20
XC139234_535_535.npy,2,20
XC139234_536_536.npy,2,20
XC139234_537_537.npy,2,20
XC139234_538_538.npy,2,20
XC139234_539_539.npy,2,20
XC139234_540_540.npy,2,20
XC139234_541_541.npy,2,20
XC139234_542_542.npy,2,20
XC139234_543_543.npy,2,20
XC139234_544_544.npy,2,20
XC147227_545_545.npy,2,142
XC147227_546_546.npy,2,142
XC147227_547_547.npy,2,142
XC149977_548_548.npy,2,39
XC149977_549_549.npy,2,39
XC149977_550_550.npy,2,39
XC149977_551_551.npy,2,39
XC149977_552_552.npy,2,39
XC149977_553_553.npy,2,39
XC149977_554_554.npy,2,39
XC149977_555_555.npy,2,39
XC150541_556_556.npy,2,39
XC150541_557_557.npy,2,39
XC150541_558_558.npy,2,39
XC150541_559_559.npy,2,39
XC150541_560_560.npy,2,39
XC150541_561_561.npy,2,39
XC150541_562_562.npy,2,39
XC150541_563_563.npy,2,39
XC150541_564_564.npy,2,39
XC150541_565_565.npy,2,39
XC150541_566_566.npy,2,39
XC288777_567_567.npy,2,174
XC32451_568_568.npy,2,133
XC32452_569_569.npy,2,133
XC32452_570_570.npy,2,133
XC32453_571_571.npy,2,133
XC32454_572_572.npy,2,133
XC32454_573_573.npy,2,133
XC32454_574_574.npy,2,133
XC433069_575_575.npy,2,107
XC433069_576_576.npy,2,107
XC433069_577_577.npy,2,107
XC44395_578_578.npy,2,125
XC44395_579_579.npy,2,125
XC44395_580_580.npy,2,125
XC44395_581_581.npy,2,125
XC44395_582_582.npy,2,125
XC44395_583_583.npy,2,125
XC44395_584_584.npy,2,125
XC44395_585_585.npy,2,125
XC44395_586_586.npy,2,125
XC44395_587_587.npy,2,125
XC44395_588_588.npy,2,125
XC44395_589_589.npy,2,125
XC44395_590_590.npy,2,125
XC44395_591_591.npy,2,125
XC44395_592_592.npy,2,125
XC44395_593_593.npy,2,125
XC44395_594_594.npy,2,125
XC44395_595_595.npy,2,125
XC44395_596_596.npy,2,125
XC44395_597_597.npy,2,125
XC44395_598_598.npy,2,125
XC44395_599_599.npy,2,125
XC44395_600_600.npy,2,125
XC44395_601_601.npy,2,125
XC44395_602_602.npy,2,125
XC44395_603_603.npy,2,125
XC44395_604_604.npy,2,125
XC44395_605_605.npy,2,125
XC44395_606_606.npy,2,125
XC44395_607_607.npy,2,125
XC44395_608_608.npy,2,125
XC44395_609_609.npy,2,125
XC44395_610_610.npy,2,125
XC44395_611_611.npy,2,125
XC44430_612_612.npy,2,125
XC44430_613_613.npy,2,125
XC44430_614_614.npy,2,125
XC113477_615_615.npy,15,144
XC113477_616_616.npy,15,144
XC113477_617_617.npy,15,144
XC113477_618_618.npy,15,144
XC113477_619_619.npy,15,144
XC113477_620_620.npy,15,144
XC121382_621_621.npy,15,5
XC121382_622_622.npy,15,5
XC121382_623_623.npy,15,5
XC121382_624_624.npy,15,5
XC121382_625_625.npy,15,5
XC121382_626_626.npy,15,5
XC128797_627_627.npy,15,55
XC128797_628_628.npy,15,55
XC128797_629_629.npy,15,55
XC128797_630_630.npy,15,55
XC128797_631_631.npy,15,55
XC128797_632_632.npy,15,55
XC128797_633_633.npy,15,55
XC128797_634_634.npy,15,55
XC128797_635_635.npy,15,55
XC128797_636_636.npy,15,55
XC128797_637_637.npy,15,55
XC128797_638_638.npy,15,55
XC145933_639_639.npy,15,14
XC145933_640_640.npy,15,14
XC146262_641_641.npy,15,148
XC146262_642_642.npy,15,148
XC146262_643_643.npy,15,148
XC146262_644_644.npy,15,148
XC174705_645_645.npy,15,98
XC174705_646_646.npy,15,98
XC186385_647_647.npy,15,64
XC186385_648_648.npy,15,64
XC186385_649_649.npy,15,64
XC186385_650_650.npy,15,64
XC186385_651_651.npy,15,64
XC186385_652_652.npy,15,64
XC186385_653_653.npy,15,64
XC216145_654_654.npy,15,7
XC216145_655_655.npy,15,7
XC216145_656_656.npy,15,7
XC216145_657_657.npy,15,7
XC216145_658_658.npy,15,7
XC216145_659_659.npy,15,7
XC217758_660_660.npy,15,5
XC217758_661_661.npy,15,5
XC217758_662_662.npy,15,5
XC217758_663_663.npy,15,5
XC217758_664_664.npy,15,5
XC254802_665_665.npy,15,136
XC254802_666_666.npy,15,136
XC254802_667_667.npy,15,136
XC254802_668_668.npy,15,136
XC254802_669_669.npy,15,136
XC254802_670_670.npy,15,136
XC254802_671_671.npy,15,136
XC254802_672_672.npy,15,136
XC254802_673_673.npy,15,136
XC254802_674_674.npy,15,136
XC254802_675_675.npy,15,136
XC254802_676_676.npy,15,136
XC294681_677_677.npy,15,49
XC294681_678_678.npy,15,49
XC294681_679_679.npy,15,49
XC294681_680_680.npy,15,49
XC294681_681_681.npy,15,49
XC364657_682_682.npy,15,25
XC364657_683_683.npy,15,25
XC364657_684_684.npy,15,25
XC364657_685_685.npy,15,25
XC364657_686_686.npy,15,25
XC364657_687_687.npy,15,25
XC364657_688_688.npy,15,25
XC364657_689_689.npy,15,25
XC364657_690_690.npy,15,25
XC364657_691_691.npy,15,25
XC387129_692_692.npy,15,47
XC387129_693_693.npy,15,47
XC387129_694_694.npy,15,47
XC387129_695_695.npy,15,47
XC387129_696_696.npy,15,47
XC387953_697_697.npy,15,26
XC387953_698_698.npy,15,26
XC388916_699_699.npy,15,90
XC388916_700_700.npy,15,90
XC388916_701_701.npy,15,90
XC388916_702_702.npy,15,90
XC388916_703_703.npy,15,90
XC388916_704_704.npy,15,90
XC388916_705_705.npy,15,90
XC388916_706_706.npy,15,90
XC388916_707_707.npy,15,90
XC501009_708_708.npy,15,109
XC501009_709_709.npy,15,109
XC501009_710_710.npy,15,109
XC501009_711_711.npy,15,109
XC501009_712_712.npy,15,109
XC501009_713_713.npy,15,109
XC501009_714_714.npy,15,109
XC173730_715_715.npy,14,49
XC173730_716_716.npy,14,49
XC173730_717_717.npy,14,49
XC173730_718_718.npy,14,49
XC173730_719_719.npy,14,49
XC173730_720_720.npy,14,49
XC173730_721_721.npy,14,49
XC173730_722_722.npy,14,49
XC206619_723_723.npy,14,145
XC206619_724_724.npy,14,145
XC211656_725_725.npy,14,64
XC211656_726_726.npy,14,64
XC211656_727_727.npy,14,64
XC211656_728_728.npy,14,64
XC211656_729_729.npy,14,64
XC211656_730_730.npy,14,64
XC211656_731_731.npy,14,64
XC211656_732_732.npy,14,64
XC216377_733_733.npy,14,145
XC216377_734_734.npy,14,145
XC315576_735_735.npy,14,53
XC315576_736_736.npy,14,53
XC315576_737_737.npy,14,53
XC359333_738_738.npy,14,145
XC359333_739_739.npy,14,145
XC359333_740_740.npy,14,145
XC359333_741_741.npy,14,145
XC364277_742_742.npy,14,25
XC364277_743_743.npy,14,25
XC364277_744_744.npy,14,25
XC364277_745_745.npy,14,25
XC364277_746_746.npy,14,25
XC364277_747_747.npy,14,25
XC364277_748_748.npy,14,25
XC364277_749_749.npy,14,25
XC364277_750_750.npy,14,25
XC365172_751_751.npy,14,145
XC365172_752_752.npy,14,145
XC447887_753_753.npy,14,170
XC452470_754_754.npy,14,114
XC452470_755_755.npy,14,114
XC452470_756_756.npy,14,114
XC452470_757_757.npy,14,114
XC452470_758_758.npy,14,114
XC452470_759_759.npy,14,114
XC452470_760_760.npy,14,114
XC452470_761_761.npy,14,114
XC452470_762_762.npy,14,114
XC48753_763_763.npy,14,20
XC48753_764_764.npy,14,20
XC48753_765_765.npy,14,20
XC48753_766_766.npy,14,20
XC512014_767_767.npy,14,121
XC512014_768_768.npy,14,121
XC512014_769_769.npy,14,121
XC512014_770_770.npy,14,121
XC589881_771_771.npy,14,116
XC589881_772_772.npy,14,116
XC601401_773_773.npy,14,110
XC601401_774_774.npy,14,110
XC601401_775_775.npy,14,110
XC601401_776_776.npy,14,110
XC601401_777_777.npy,14,110
XC601401_778_778.npy,14,110
XC601401_779_779.npy,14,110
XC601401_780_780.npy,14,110
XC601401_781_781.npy,14,110
XC601401_782_782.npy,14,110
XC601401_783_783.npy,14,110
XC601401_784_784.npy,14,110
XC601401_785_785.npy,14,110
XC601401_786_786.npy,14,110
XC601401_787_787.npy,14,110
XC601401_788_788.npy,14,110
XC601401_789_789.npy,14,110
XC601401_790_790.npy,14,110
XC601401_791_791.npy,14,110
XC601401_792_792.npy,14,110
XC603961_793_793.npy,14,132
XC604949_794_794.npy,14,132
XC604949_795_795.npy,14,132
XC605293_796_796.npy,14,145
XC605293_797_797.npy,14,145
XC605293_798_798.npy,14,145
XC605293_799_799.npy,14,145
XC610620_800_800.npy,14,0
XC610620_801_801.npy,14,0
XC610620_802_802.npy,14,0
XC610620_803_803.npy,14,0
XC610620_804_804.npy,14,0
XC70535_805_805.npy,14,20
XC70535_806_806.npy,14,20
XC70535_807_807.npy,14,20
XC70535_808_808.npy,14,20
XC70535_809_809.npy,14,20
XC70535_810_810.npy,14,20
XC70535_811_811.npy,14,20
XC70535_812_812.npy,14,20
XC70535_813_813.npy,14,20
XC70535_814_814.npy,14,20
XC143403_815_815.npy,18,20
XC143403_816_816.npy,18,20
XC143403_817_817.npy,18,20
XC143403_818_818.npy,18,20
XC144446_819_819.npy,18,14
XC255550_820_820.npy,18,108
XC255550_821_821.npy,18,108
XC255550_822_822.npy,18,108
XC255550_823_823.npy,18,108
XC255550_824_824.npy,18,108
XC255550_825_825.npy,18,108
XC255550_826_826.npy,18,108
XC255550_827_827.npy,18,108
XC255550_828_828.npy,18,108
XC255550_829_829.npy,18,108
XC255550_830_830.npy,18,108
XC255550_831_831.npy,18,108
XC255550_832_832.npy,18,108
XC255550_833_833.npy,18,108
XC255550_834_834.npy,18,108
XC255550_835_835.npy,18,108
XC255550_836_836.npy,18,108
XC255550_837_837.npy,18,108
XC255550_838_838.npy,18,108
XC255550_839_839.npy,18,108
XC255550_840_840.npy,18,108
XC255550_841_841.npy,18,108
XC255550_842_842.npy,18,108
XC255550_843_843.npy,18,108
XC255550_844_844.npy,18,108
XC255550_845_845.npy,18,108
XC255551_846_846.npy,18,108
XC255553_847_847.npy,18,108
XC255553_848_848.npy,18,108
XC255553_849_849.npy,18,108
XC255553_850_850.npy,18,108
XC255553_851_851.npy,18,108
XC255553_852_852.npy,18,108
XC267908_853_853.npy,18,107
XC267908_854_854.npy,18,107
XC267908_855_855.npy,18,107
XC267908_856_856.npy,18,107
XC267908_857_857.npy,18,107
XC267908_858_858.npy,18,107
XC267908_859_859.npy,18,107
XC267908_860_860.npy,18,107
XC267908_861_861.npy,18,107
XC267908_862_862.npy,18,107
XC267908_863_863.npy,18,107
XC267908_864_864.npy,18,107
XC267908_865_865.npy,18,107
XC267908_866_866.npy,18,107
XC267908_867_867.npy,18,107
XC267908_868_868.npy,18,107
XC267908_869_869.npy,18,107
XC267908_870_870.npy,18,107
XC267908_871_871.npy,18,107
XC290371_872_872.npy,18,175
XC299643_873_873.npy,18,141
XC299643_874_874.npy,18,141
XC299643_875_875.npy,18,141
XC32434_876_876.npy,18,133
XC32434_877_877.npy,18,133
XC32434_878_878.npy,18,133
XC32434_879_879.npy,18,133
XC348809_880_880.npy,18,39
XC348809_881_881.npy,18,39
XC348809_882_882.npy,18,39
XC348809_883_883.npy,18,39
XC348809_884_884.npy,18,39
XC348809_885_885.npy,18,39
XC348809_886_886.npy,18,39
XC348809_887_887.npy,18,39
XC348809_888_888.npy,18,39
XC348809_889_889.npy,18,39
XC348809_890_890.npy,18,39
XC348809_891_891.npy,18,39
XC351104_892_892.npy,18,82
XC351104_893_893.npy,18,82
XC351104_894_894.npy,18,82
XC351104_895_895.npy,18,82
XC351104_896_896.npy,18,82
XC351104_897_897.npy,18,82
XC351104_898_898.npy,18,82
XC351104_899_899.npy,18,82
XC351104_900_900.npy,18,82
XC351104_901_901.npy,18,82
XC351104_902_902.npy,18,82
XC351104_903_903.npy,18,82
XC351104_904_904.npy,18,82
XC351104_905_905.npy,18,82
XC351104_906_906.npy,18,82
XC351104_907_907.npy,18,82
XC351104_908_908.npy,18,82
XC351104_909_909.npy,18,82
XC351104_910_910.npy,18,82
XC351104_911_911.npy,18,82
XC351104_912_912.npy,18,82
XC351104_913_913.npy,18,82
XC351104_914_914.npy,18,82
XC155516_915_915.npy,7,39
XC155516_916_916.npy,7,39
XC155516_917_917.npy,7,39
XC155516_918_918.npy,7,39
XC155516_919_919.npy,7,39
XC155516_920_920.npy,7,39
XC166025_921_921.npy,7,101
XC166025_922_922.npy,7,101
XC166025_923_923.npy,7,101
XC166025_924_924.npy,7,101
XC166025_925_925.npy,7,101
XC166025_926_926.npy,7,101
XC166025_927_927.npy,7,101
XC166025_928_928.npy,7,101
XC166025_929_929.npy,7,101
XC166025_930_930.npy,7,101
XC166025_931_931.npy,7,101
XC166025_932_932.npy,7,101
XC166025_933_933.npy,7,101
XC192779_934_934.npy,7,73
XC192779_935_935.npy,7,73
XC295745_936_936.npy,7,64
XC295745_937_937.npy,7,64
XC295745_938_938.npy,7,64
XC295745_939_939.npy,7,64
XC295745_940_940.npy,7,64
XC295745_941_941.npy,7,64
XC308565_942_942.npy,7,65
XC308565_943_943.npy,7,65
XC308565_944_944.npy,7,65
XC308565_945_945.npy,7,65
XC308565_946_946.npy,7,65
XC308565_947_947.npy,7,65
XC308565_948_948.npy,7,65
XC308565_949_949.npy,7,65
XC308565_950_950.npy,7,65
XC308565_951_951.npy,7,65
XC308565_952_952.npy,7,65
XC308565_953_953.npy,7,65
XC308565_954_954.npy,7,65
XC308565_955_955.npy,7,65
XC308565_956_956.npy,7,65
XC308565_957_957.npy,7,65
XC308565_958_958.npy,7,65
XC308565_959_959.npy,7,65
XC308565_960_960.npy,7,65
XC364735_961_961.npy,7,25
XC364735_962_962.npy,7,25
XC390938_963_963.npy,7,18
XC390938_964_964.npy,7,18
XC390938_965_965.npy,7,18
XC390938_966_966.npy,7,18
XC390938_967_967.npy,7,18
XC390938_968_968.npy,7,18
XC390938_969_969.npy,7,18
XC390938_970_970.npy,7,18
XC390938_971_971.npy,7,18
XC390938_972_972.npy,7,18
XC390938_973_973.npy,7,18
XC390938_974_974.npy,7,18
XC390938_975_975.npy,7,18
XC390938_976_976.npy,7,18
XC390938_977_977.npy,7,18
XC390938_978_978.npy,7,18
XC390938_979_979.npy,7,18
XC390938_980_980.npy,7,18
XC390938_981_981.npy,7,18
XC390938_982_982.npy,7,18
XC390938_983_983.npy,7,18
XC390938_984_984.npy,7,18
XC390938_985_985.npy,7,18
XC390938_986_986.npy,7,18
XC390938_987_987.npy,7,18
XC391472_988_988.npy,7,90
XC391472_989_989.npy,7,90
XC391472_990_990.npy,7,90
XC391472_991_991.npy,7,90
XC391472_992_992.npy,7,90
XC391472_993_993.npy,7,90
XC391472_994_994.npy,7,90
XC391472_995_995.npy,7,90
XC391472_996_996.npy,7,90
XC391472_997_997.npy,7,90
XC391472_998_998.npy,7,90
XC391472_999_999.npy,7,90
XC391472_1000_1000.npy,7,90
XC391472_1001_1001.npy,7,90
XC391472_1002_1002.npy,7,90
XC391472_1003_1003.npy,7,90
XC391472_1004_1004.npy,7,90
XC391472_1005_1005.npy,7,90
XC391472_1006_1006.npy,7,90
XC391472_1007_1007.npy,7,90
XC391472_1008_1008.npy,7,90
XC391472_1009_1009.npy,7,90
XC391504_1010_1010.npy,7,18
XC391504_1011_1011.npy,7,18
XC391504_1012_1012.npy,7,18
XC391504_1013_1013.npy,7,18
XC391504_1014_1014.npy,7,18
XC161581_1015_1015.npy,0,155
XC161581_1016_1016.npy,0,155
XC161581_1017_1017.npy,0,155
XC161581_1018_1018.npy,0,155
XC161581_1019_1019.npy,0,155
XC161581_1020_1020.npy,0,155
XC161581_1021_1021.npy,0,155
XC161581_1022_1022.npy,0,155
XC185820_1023_1023.npy,0,64
XC185820_1024_1024.npy,0,64
XC187470_1025_1025.npy,0,65
XC187470_1026_1026.npy,0,65
XC187470_1027_1027.npy,0,65
XC187470_1028_1028.npy,0,65
XC187470_1029_1029.npy,0,65
XC187470_1030_1030.npy,0,65
XC187470_1031_1031.npy,0,65
XC187470_1032_1032.npy,0,65
XC187470_1033_1033.npy,0,65
XC187470_1034_1034.npy,0,65
XC334807_1035_1035.npy,0,93
XC334807_1036_1036.npy,0,93
XC339822_1037_1037.npy,0,92
XC339822_1038_1038.npy,0,92
XC348500_1039_1039.npy,0,104
XC348500_1040_1040.npy,0,104
XC348500_1041_1041.npy,0,104
XC348500_1042_1042.npy,0,104
XC348500_1043_1043.npy,0,104
XC348500_1044_1044.npy,0,104
XC387944_1045_1045.npy,0,26
XC457359_1046_1046.npy,0,133
XC457359_1047_1047.npy,0,133
XC457359_1048_1048.npy,0,133
XC457359_1049_1049.npy,0,133
XC457359_1050_1050.npy,0,133
XC457359_1051_1051.npy,0,133
XC457359_1052_1052.npy,0,133
XC457359_1053_1053.npy,0,133
XC457359_1054_1054.npy,0,133
XC457359_1055_1055.npy,0,133
XC457359_1056_1056.npy,0,133
XC457359_1057_1057.npy,0,133
XC457359_1058_1058.npy,0,133
XC457359_1059_1059.npy,0,133
XC457359_1060_1060.npy,0,133
XC457359_1061_1061.npy,0,133
XC457359_1062_1062.npy,0,133
XC457359_1063_1063.npy,0,133
XC457359_1064_1064.npy,0,133
XC457359_1065_1065.npy,0,133
XC457359_1066_1066.npy,0,133
XC457359_1067_1067.npy,0,133
XC457359_1068_1068.npy,0,133
XC457359_1069_1069.npy,0,133
XC457359_1070_1070.npy,0,133
XC457359_1071_1071.npy,0,133
XC457359_1072_1072.npy,0,133
XC457359_1073_1073.npy,0,133
XC457367_1074_1074.npy,0,133
XC457367_1075_1075.npy,0,133
XC462685_1076_1076.npy,0,170
XC462685_1077_1077.npy,0,170
XC462685_1078_1078.npy,0,170
XC462685_1079_1079.npy,0,170
XC462685_1080_1080.npy,0,170
XC462685_1081_1081.npy,0,170
XC462685_1082_1082.npy,0,170
XC462685_1083_1083.npy,0,170
XC462685_1084_1084.npy,0,170
XC476264_1085_1085.npy,0,70
XC476264_1086_1086.npy,0,70
XC476264_1087_1087.npy,0,70
XC476264_1088_1088.npy,0,70
XC476264_1089_1089.npy,0,70
XC476264_1090_1090.npy,0,70
XC476264_1091_1091.npy,0,70
XC476264_1092_1092.npy,0,70
XC476264_1093_1093.npy,0,70
XC476264_1094_1094.npy,0,70
XC476264_1095_1095.npy,0,70
XC499641_1096_1096.npy,0,70
XC499641_1097_1097.npy,0,70
XC499641_1098_1098.npy,0,70
XC499641_1099_1099.npy,0,70
XC499641_1100_1100.npy,0,70
XC52510_1101_1101.npy,0,20
XC52510_1102_1102.npy,0,20
XC52511_1103_1103.npy,0,20
XC52511_1104_1104.npy,0,20
XC52511_1105_1105.npy,0,20
XC537826_1106_1106.npy,0,70
XC537826_1107_1107.npy,0,70
XC537826_1108_1108.npy,0,70
XC537826_1109_1109.npy,0,70
XC537826_1110_1110.npy,0,70
XC537826_1111_1111.npy,0,70
XC537826_1112_1112.npy,0,70
XC537826_1113_1113.npy,0,70
XC537826_1114_1114.npy,0,70
XC156959_1115_1115.npy,20,145
XC156959_1116_1116.npy,20,145
XC171686_1117_1117.npy,20,71
XC171686_1118_1118.npy,20,71
XC171686_1119_1119.npy,20,71
XC171686_1120_1120.npy,20,71
XC184576_1121_1121.npy,20,14
XC184576_1122_1122.npy,20,14
XC184576_1123_1123.npy,20,14
XC184576_1124_1124.npy,20,14
XC184576_1125_1125.npy,20,14
XC184576_1126_1126.npy,20,14
XC195821_1127_1127.npy,20,73
XC195821_1128_1128.npy,20,73
XC195822_1129_1129.npy,20,73
XC195822_1130_1130.npy,20,73
XC214240_1131_1131.npy,20,92
XC214240_1132_1132.npy,20,92
XC214240_1133_1133.npy,20,92
XC214240_1134_1134.npy,20,92
XC214240_1135_1135.npy,20,92
XC214240_1136_1136.npy,20,92
XC214240_1137_1137.npy,20,92
XC214240_1138_1138.npy,20,92
XC214287_1139_1139.npy,20,92
XC214287_1140_1140.npy,20,92
XC214287_1141_1141.npy,20,92
XC214287_1142_1142.npy,20,92
XC214287_1143_1143.npy,20,92
XC214288_1144_1144.npy,20,92
XC214288_1145_1145.npy,20,92
XC214288_1146_1146.npy,20,92
XC214288_1147_1147.npy,20,92
XC214288_1148_1148.npy,20,92
XC214288_1149_1149.npy,20,92
XC214288_1150_1150.npy,20,92
XC214290_1151_1151.npy,20,92
XC214290_1152_1152.npy,20,92
XC214290_1153_1153.npy,20,92
XC214290_1154_1154.npy,20,92
XC214290_1155_1155.npy,20,92
XC214290_1156_1156.npy,20,92
XC214290_1157_1157.npy,20,92
XC214290_1158_1158.npy,20,92
XC214290_1159_1159.npy,20,92
XC214290_1160_1160.npy,20,92
XC214290_1161_1161.npy,20,92
XC214290_1162_1162.npy,20,92
XC317587_1163_1163.npy,20,104
XC317587_1164_1164.npy,20,104
XC317587_1165_1165.npy,20,104
XC317587_1166_1166.npy,20,104
XC317587_1167_1167.npy,20,104
XC317587_1168_1168.npy,20,104
XC32399_1169_1169.npy,20,133
XC32399_1170_1170.npy,20,133
XC32399_1171_1171.npy,20,133
XC332247_1172_1172.npy,20,134
XC332247_1173_1173.npy,20,134
XC343966_1174_1174.npy,20,130
XC343966_1175_1175.npy,20,130
XC343966_1176_1176.npy,20,130
XC343966_1177_1177.npy,20,130
XC343966_1178_1178.npy,20,130
XC343966_1179_1179.npy,20,130
XC343966_1180_1180.npy,20,130
XC343966_1181_1181.npy,20,130
XC343966_1182_1182.npy,20,130
XC343966_1183_1183.npy,20,130
XC343966_1184_1184.npy,20,130
XC343966_1185_1185.npy,20,130
XC368992_1186_1186.npy,20,70
XC368992_1187_1187.npy,20,70
XC368992_1188_1188.npy,20,70
XC368992_1189_1189.npy,20,70
XC368992_1190_1190.npy,20,70
XC368992_1191_1191.npy,20,70
XC368992_1192_1192.npy,20,70
XC368992_1193_1193.npy,20,70
XC368992_1194_1194.npy,20,70
XC368992_1195_1195.npy,20,70
XC368992_1196_1196.npy,20,70
XC368992_1197_1197.npy,20,70
XC368992_1198_1198.npy,20,70
XC368992_1199_1199.npy,20,70
XC368992_1200_1200.npy,20,70
XC368992_1201_1201.npy,20,70
XC368992_1202_1202.npy,20,70
XC368992_1203_1203.npy,20,70
XC368992_1204_1204.npy,20,70
XC368992_1205_1205.npy,20,70
XC368992_1206_1206.npy,20,70
XC369819_1207_1207.npy,20,70
XC369819_1208_1208.npy,20,70
XC369819_1209_1209.npy,20,70
XC369819_1210_1210.npy,20,70
XC369819_1211_1211.npy,20,70
XC369819_1212_1212.npy,20,70
XC369819_1213_1213.npy,20,70
XC369819_1214_1214.npy,20,70
XC115733_1215_1215.npy,17,11
XC115733_1216_1216.npy,17,11
XC115733_1217_1217.npy,17,11
XC115733_1218_1218.npy,17,11
XC115733_1219_1219.npy,17,11
XC115733_1220_1220.npy,17,11
XC115733_1221_1221.npy,17,11
XC115733_1222_1222.npy,17,11
XC115734_1223_1223.npy,17,11
XC115734_1224_1224.npy,17,11
XC115734_1225_1225.npy,17,11
XC115734_1226_1226.npy,17,11
XC115734_1227_1227.npy,17,11
XC115734_1228_1228.npy,17,11
XC115734_1229_1229.npy,17,11
XC115734_1230_1230.npy,17,11
XC115734_1231_1231.npy,17,11
XC115734_1232_1232.npy,17,11
XC115734_1233_1233.npy,17,11
XC144905_1234_1234.npy,17,14
XC149125_1235_1235.npy,17,39
XC149125_1236_1236.npy,17,39
XC149125_1237_1237.npy,17,39
XC149125_1238_1238.npy,17,39
XC149125_1239_1239.npy,17,39
XC149125_1240_1240.npy,17,39
XC153571_1241_1241.npy,17,39
XC171684_1242_1242.npy,17,71
XC171684_1243_1243.npy,17,71
XC173973_1244_1244.npy,17,49
XC199144_1245_1245.npy,17,73
XC199144_1246_1246.npy,17,73
XC210228_1247_1247.npy,17,92
XC210228_1248_1248.npy,17,92
XC210228_1249_1249.npy,17,92
XC210230_1250_1250.npy,17,92
XC388562_1251_1251.npy,17,114
XC388562_1252_1252.npy,17,114
XC388562_1253_1253.npy,17,114
XC388562_1254_1254.npy,17,114
XC388562_1255_1255.npy,17,114
XC388562_1256_1256.npy,17,114
XC388562_1257_1257.npy,17,114
XC394274_1258_1258.npy,17,130
XC433821_1259_1259.npy,17,114
XC433821_1260_1260.npy,17,114
XC433821_1261_1261.npy,17,114
XC433821_1262_1262.npy,17,114
XC433821_1263_1263.npy,17,114
XC433821_1264_1264.npy,17,114
XC433821_1265_1265.npy,17,114
XC48478_1266_1266.npy,17,122
XC48478_1267_1267.npy,17,122
XC48478_1268_1268.npy,17,122
XC48478_1269_1269.npy,17,122
XC48478_1270_1270.npy,17,122
XC48478_1271_1271.npy,17,122
XC48478_1272_1272.npy,17,122
XC510928_1273_1273.npy,17,71
XC51489_1274_1274.npy,17,20
XC555889_1275_1275.npy,17,70
XC584175_1276_1276.npy,17,70
XC585862_1277_1277.npy,17,70
XC585862_1278_1278.npy,17,70
XC585862_1279_1279.npy,17,70
XC585862_1280_1280.npy,17,70
XC585862_1281_1281.npy,17,70
XC585862_1282_1282.npy,17,70
XC585862_1283_1283.npy,17,70
XC585862_1284_1284.npy,17,70
XC585862_1285_1285.npy,17,70
XC585862_1286_1286.npy,17,70
XC585862_1287_1287.npy,17,70
XC585862_1288_1288.npy,17,70
XC585862_1289_1289.npy,17,70
XC585862_1290_1290.npy,17,70
XC585862_1291_1291.npy,17,70
XC585862_1292_1292.npy,17,70
XC585862_1293_1293.npy,17,70
XC585862_1294_1294.npy,17,70
XC585862_1295_1295.npy,17,70
XC585862_1296_1296.npy,17,70
XC595064_1297_1297.npy,17,76
XC595064_1298_1298.npy,17,76
XC595064_1299_1299.npy,17,76
XC595064_1300_1300.npy,17,76
XC595064_1301_1301.npy,17,76
XC595064_1302_1302.npy,17,76
XC595064_1303_1303.npy,17,76
XC595064_1304_1304.npy,17,76
XC595064_1305_1305.npy,17,76
XC595064_1306_1306.npy,17,76
XC595064_1307_1307.npy,17,76
XC595064_1308_1308.npy,17,76
XC595064_1309_1309.npy,17,76
XC595064_1310_1310.npy,17,76
XC595064_1311_1311.npy,17,76
XC595064_1312_1312.npy,17,76
XC595064_1313_1313.npy,17,76
XC595064_1314_1314.npy,17,76
XC112710_1315_1315.npy,29,69
XC112710_1316_1316.npy,29,69
XC112710_1317_1317.npy,29,69
XC150495_1318_1318.npy,29,39
XC150495_1319_1319.npy,29,39
XC150495_1320_1320.npy,29,39
XC157210_1321_1321.npy,29,173
XC157210_1322_1322.npy,29,173
XC157210_1323_1323.npy,29,173
XC157210_1324_1324.npy,29,173
XC16178_1325_1325.npy,29,133
XC16178_1326_1326.npy,29,133
XC174713_1327_1327.npy,29,98
XC174713_1328_1328.npy,29,98
XC174713_1329_1329.npy,29,98
XC195817_1330_1330.npy,29,73
XC195817_1331_1331.npy,29,73
XC212264_1332_1332.npy,29,75
XC212264_1333_1333.npy,29,75
XC212264_1334_1334.npy,29,75
XC287701_1335_1335.npy,29,8
XC287701_1336_1336.npy,29,8
XC287701_1337_1337.npy,29,8
XC287701_1338_1338.npy,29,8
XC287701_1339_1339.npy,29,8
XC287701_1340_1340.npy,29,8
XC287701_1341_1341.npy,29,8
XC287701_1342_1342.npy,29,8
XC287701_1343_1343.npy,29,8
XC287701_1344_1344.npy,29,8
XC287701_1345_1345.npy,29,8
XC287701_1346_1346.npy,29,8
XC287701_1347_1347.npy,29,8
XC287701_1348_1348.npy,29,8
XC287701_1349_1349.npy,29,8
XC287701_1350_1350.npy,29,8
XC287701_1351_1351.npy,29,8
XC287701_1352_1352.npy,29,8
XC287701_1353_1353.npy,29,8
XC287701_1354_1354.npy,29,8
XC287701_1355_1355.npy,29,8
XC287701_1356_1356.npy,29,8
XC287701_1357_1357.npy,29,8
XC287701_1358_1358.npy,29,8
XC287701_1359_1359.npy,29,8
XC287701_1360_1360.npy,29,8
XC287701_1361_1361.npy,29,8
XC287701_1362_1362.npy,29,8
XC287701_1363_1363.npy,29,8
XC287701_1364_1364.npy,29,8
XC287701_1365_1365.npy,29,8
XC287701_1366_1366.npy,29,8
XC287701_1367_1367.npy,29,8
XC287701_1368_1368.npy,29,8
XC287701_1369_1369.npy,29,8
XC287701_1370_1370.npy,29,8
XC287701_1371_1371.npy,29,8
XC287701_1372_1372.npy,29,8
XC287701_1373_1373.npy,29,8
XC287701_1374_1374.npy,29,8
XC287701_1375_1375.npy,29,8
XC287701_1376_1376.npy,29,8
XC287701_1377_1377.npy,29,8
XC287701_1378_1378.npy,29,8
XC287701_1379_1379.npy,29,8
XC287701_1380_1380.npy,29,8
XC288822_1381_1381.npy,29,133
XC288822_1382_1382.npy,29,133
XC288822_1383_1383.npy,29,133
XC288822_1384_1384.npy,29,133
XC288822_1385_1385.npy,29,133
XC288822_1386_1386.npy,29,133
XC288822_1387_1387.npy,29,133
XC288822_1388_1388.npy,29,133
XC288822_1389_1389.npy,29,133
XC288822_1390_1390.npy,29,133
XC288822_1391_1391.npy,29,133
XC288822_1392_1392.npy,29,133
XC288822_1393_1393.npy,29,133
XC288822_1394_1394.npy,29,133
XC288822_1395_1395.npy,29,133
XC288822_1396_1396.npy,29,133
XC288822_1397_1397.npy,29,133
XC288822_1398_1398.npy,29,133
XC288822_1399_1399.npy,29,133
XC288822_1400_1400.npy,29,133
XC288822_1401_1401.npy,29,133
XC313652_1402_1402.npy,29,32
XC313652_1403_1403.npy,29,32
XC313652_1404_1404.npy,29,32
XC313652_1405_1405.npy,29,32
XC313652_1406_1406.npy,29,32
XC32469_1407_1407.npy,29,133
XC32469_1408_1408.npy,29,133
XC32469_1409_1409.npy,29,133
XC32469_1410_1410.npy,29,133
XC32469_1411_1411.npy,29,133
XC32469_1412_1412.npy,29,133
XC32469_1413_1413.npy,29,133
XC32469_1414_1414.npy,29,133
XC174648_1415_1415.npy,6,49
XC174648_1416_1416.npy,6,49
XC174648_1417_1417.npy,6,49
XC176365_1418_1418.npy,6,59
XC176365_1419_1419.npy,6,59
XC176365_1420_1420.npy,6,59
XC176365_1421_1421.npy,6,59
XC176365_1422_1422.npy,6,59
XC176365_1423_1423.npy,6,59
XC176365_1424_1424.npy,6,59
XC176365_1425_1425.npy,6,59
XC176365_1426_1426.npy,6,59
XC176365_1427_1427.npy,6,59
XC176365_1428_1428.npy,6,59
XC176365_1429_1429.npy,6,59
XC199145_1430_1430.npy,6,73
XC199145_1431_1431.npy,6,73
XC199145_1432_1432.npy,6,73
XC199145_1433_1433.npy,6,73
XC199145_1434_1434.npy,6,73
XC199145_1435_1435.npy,6,73
XC199145_1436_1436.npy,6,73
XC199145_1437_1437.npy,6,73
XC199145_1438_1438.npy,6,73
XC288382_1439_1439.npy,6,115
XC288382_1440_1440.npy,6,115
XC288382_1441_1441.npy,6,115
XC288382_1442_1442.npy,6,115
XC288382_1443_1443.npy,6,115
XC288382_1444_1444.npy,6,115
XC288382_1445_1445.npy,6,115
XC299175_1446_1446.npy,6,64
XC299175_1447_1447.npy,6,64
XC299175_1448_1448.npy,6,64
XC310760_1449_1449.npy,6,92
XC310760_1450_1450.npy,6,92
XC310760_1451_1451.npy,6,92
XC310760_1452_1452.npy,6,92
XC310760_1453_1453.npy,6,92
XC310760_1454_1454.npy,6,92
XC310760_1455_1455.npy,6,92
XC310760_1456_1456.npy,6,92
XC310760_1457_1457.npy,6,92
XC310760_1458_1458.npy,6,92
XC310760_1459_1459.npy,6,92
XC328919_1460_1460.npy,6,167
XC328919_1461_1461.npy,6,167
XC342878_1462_1462.npy,6,92
XC342878_1463_1463.npy,6,92
XC342878_1464_1464.npy,6,92
XC342878_1465_1465.npy,6,92
XC342878_1466_1466.npy,6,92
XC342878_1467_1467.npy,6,92
XC342878_1468_1468.npy,6,92
XC342878_1469_1469.npy,6,92
XC342878_1470_1470.npy,6,92
XC342878_1471_1471.npy,6,92
XC342878_1472_1472.npy,6,92
XC342878_1473_1473.npy,6,92
XC342878_1474_1474.npy,6,92
XC342878_1475_1475.npy,6,92
XC342878_1476_1476.npy,6,92
XC342878_1477_1477.npy,6,92
XC342878_1478_1478.npy,6,92
XC342878_1479_1479.npy,6,92
XC342878_1480_1480.npy,6,92
XC342878_1481_1481.npy,6,92
XC342878_1482_1482.npy,6,92
XC342878_1483_1483.npy,6,92
XC342878_1484_1484.npy,6,92
XC342878_1485_1485.npy,6,92
XC342878_1486_1486.npy,6,92
XC342878_1487_1487.npy,6,92
XC342878_1488_1488.npy,6,92
XC342878_1489_1489.npy,6,92
XC342878_1490_1490.npy,6,92
XC342878_1491_1491.npy,6,92
XC342878_1492_1492.npy,6,92
XC342878_1493_1493.npy,6,92
XC342878_1494_1494.npy,6,92
XC342878_1495_1495.npy,6,92
XC342878_1496_1496.npy,6,92
XC342878_1497_1497.npy,6,92
XC342878_1498_1498.npy,6,92
XC342878_1499_1499.npy,6,92
XC342878_1500_1500.npy,6,92
XC423606_1501_1501.npy,6,114
XC423606_1502_1502.npy,6,114
XC428353_1503_1503.npy,6,170
XC428353_1504_1504.npy,6,170
XC428353_1505_1505.npy,6,170
XC428353_1506_1506.npy,6,170
XC428353_1507_1507.npy,6,170
XC428353_1508_1508.npy,6,170
XC428353_1509_1509.npy,6,170
XC428353_1510_1510.npy,6,170
XC428353_1511_1511.npy,6,170
XC428353_1512_1512.npy,6,170
XC428353_1513_1513.npy,6,170
XC475559_1514_1514.npy,6,70
XC114492_1515_1515.npy,23,94
XC114492_1516_1516.npy,23,94
XC114492_1517_1517.npy,23,94
XC114492_1518_1518.npy,23,94
XC114492_1519_1519.npy,23,94
XC114492_1520_1520.npy,23,94
XC114492_1521_1521.npy,23,94
XC114492_1522_1522.npy,23,94
XC114492_1523_1523.npy,23,94
XC114492_1524_1524.npy,23,94
XC114492_1525_1525.npy,23,94
XC114492_1526_1526.npy,23,94
XC114492_1527_1527.npy,23,94
XC114492_1528_1528.npy,23,94
XC114492_1529_1529.npy,23,94
XC114492_1530_1530.npy,23,94
XC114492_1531_1531.npy,23,94
XC114492_1532_1532.npy,23,94
XC114493_1533_1533.npy,23,94
XC114493_1534_1534.npy,23,94
XC114493_1535_1535.npy,23,94
XC114493_1536_1536.npy,23,94
XC114493_1537_1537.npy,23,94
XC114493_1538_1538.npy,23,94
XC114493_1539_1539.npy,23,94
XC114493_1540_1540.npy,23,94
XC114493_1541_1541.npy,23,94
XC114493_1542_1542.npy,23,94
XC114493_1543_1543.npy,23,94
XC114493_1544_1544.npy,23,94
XC114493_1545_1545.npy,23,94
XC114493_1546_1546.npy,23,94
XC114493_1547_1547.npy,23,94
XC114493_1548_1548.npy,23,94
XC114493_1549_1549.npy,23,94
XC114493_1550_1550.npy,23,94
XC114493_1551_1551.npy,23,94
XC114493_1552_1552.npy,23,94
XC114493_1553_1553.npy,23,94
XC133634_1554_1554.npy,23,144
XC157401_1555_1555.npy,23,15
XC157401_1556_1556.npy,23,15
XC157401_1557_1557.npy,23,15
XC157401_1558_1558.npy,23,15
XC166047_1559_1559.npy,23,101
XC166047_1560_1560.npy,23,101
XC166047_1561_1561.npy,23,101
XC166272_1562_1562.npy,23,15
XC166272_1563_1563.npy,23,15
XC176523_1564_1564.npy,23,49
XC179296_1565_1565.npy,23,12
XC254520_1566_1566.npy,23,92
XC254601_1567_1567.npy,23,92
XC254601_1568_1568.npy,23,92
XC254601_1569_1569.npy,23,92
XC254601_1570_1570.npy,23,92
XC254601_1571_1571.npy,23,92
XC254601_1572_1572.npy,23,92
XC254601_1573_1573.npy,23,92
XC254601_1574_1574.npy,23,92
XC254601_1575_1575.npy,23,92
XC254601_1576_1576.npy,23,92
XC254601_1577_1577.npy,23,92
XC254601_1578_1578.npy,23,92
XC254601_1579_1579.npy,23,92
XC254601_1580_1580.npy,23,92
XC29152_1581_1581.npy,23,133
XC29154_1582_1582.npy,23,133
XC29155_1583_1583.npy,23,133
XC29155_1584_1584.npy,23,133
XC294732_1585_1585.npy,23,49
XC294732_1586_1586.npy,23,49
XC294732_1587_1587.npy,23,49
XC294732_1588_1588.npy,23,49
XC294732_1589_1589.npy,23,49
XC294732_1590_1590.npy,23,49
XC294732_1591_1591.npy,23,49
XC299048_1592_1592.npy,23,64
XC299048_1593_1593.npy,23,64
XC299048_1594_1594.npy,23,64
XC299048_1595_1595.npy,23,64
XC299048_1596_1596.npy,23,64
XC299048_1597_1597.npy,23,64
XC299048_1598_1598.npy,23,64
XC299048_1599_1599.npy,23,64
XC299048_1600_1600.npy,23,64
XC299048_1601_1601.npy,23,64
XC325750_1602_1602.npy,23,64
XC325750_1603_1603.npy,23,64
XC325760_1604_1604.npy,23,64
XC325760_1605_1605.npy,23,64
XC325760_1606_1606.npy,23,64
XC325760_1607_1607.npy,23,64
XC325760_1608_1608.npy,23,64
XC325760_1609_1609.npy,23,64
XC325760_1610_1610.npy,23,64
XC325760_1611_1611.npy,23,64
XC325760_1612_1612.npy,23,64
XC325760_1613_1613.npy,23,64
XC325760_1614_1614.npy,23,64
XC291920_1615_1615.npy,24,10
XC291920_1616_1616.npy,24,10
XC326071_1617_1617.npy,24,64
XC326071_1618_1618.npy,24,64
XC326071_1619_1619.npy,24,64
XC326071_1620_1620.npy,24,64
XC339554_1621_1621.npy,24,54
XC339554_1622_1622.npy,24,54
XC400309_1623_1623.npy,24,96
XC400309_1624_1624.npy,24,96
XC419108_1625_1625.npy,24,64
XC419108_1626_1626.npy,24,64
XC419108_1627_1627.npy,24,64
XC419108_1628_1628.npy,24,64
XC419108_1629_1629.npy,24,64
XC419108_1630_1630.npy,24,64
XC419108_1631_1631.npy,24,64
XC452493_1632_1632.npy,24,114
XC452493_1633_1633.npy,24,114
XC452493_1634_1634.npy,24,114
XC453966_1635_1635.npy,24,159
XC453966_1636_1636.npy,24,159
XC453966_1637_1637.npy,24,159
XC453966_1638_1638.npy,24,159
XC453966_1639_1639.npy,24,159
XC453966_1640_1640.npy,24,159
XC453966_1641_1641.npy,24,159
XC465076_1642_1642.npy,24,159
XC465076_1643_1643.npy,24,159
XC465076_1644_1644.npy,24,159
XC506225_1645_1645.npy,24,133
XC506225_1646_1646.npy,24,133
XC506225_1647_1647.npy,24,133
XC506225_1648_1648.npy,24,133
XC506225_1649_1649.npy,24,133
XC506225_1650_1650.npy,24,133
XC506225_1651_1651.npy,24,133
XC506225_1652_1652.npy,24,133
XC506225_1653_1653.npy,24,133
XC506225_1654_1654.npy,24,133
XC506225_1655_1655.npy,24,133
XC506225_1656_1656.npy,24,133
XC506225_1657_1657.npy,24,133
XC506225_1658_1658.npy,24,133
XC506225_1659_1659.npy,24,133
XC506225_1660_1660.npy,24,133
XC506225_1661_1661.npy,24,133
XC506225_1662_1662.npy,24,133
XC506225_1663_1663.npy,24,133
XC506234_1664_1664.npy,24,133
XC506234_1665_1665.npy,24,133
XC506234_1666_1666.npy,24,133
XC506234_1667_1667.npy,24,133
XC506234_1668_1668.npy,24,133
XC506234_1669_1669.npy,24,133
XC506234_1670_1670.npy,24,133
XC506234_1671_1671.npy,24,133
XC506234_1672_1672.npy,24,133
XC506234_1673_1673.npy,24,133
XC510891_1674_1674.npy,24,71
XC510891_1675_1675.npy,24,71
XC510891_1676_1676.npy,24,71
XC510891_1677_1677.npy,24,71
XC510891_1678_1678.npy,24,71
XC510891_1679_1679.npy,24,71
XC510891_1680_1680.npy,24,71
XC510891_1681_1681.npy,24,71
XC589399_1682_1682.npy,24,110
XC589399_1683_1683.npy,24,110
XC589399_1684_1684.npy,24,110
XC589399_1685_1685.npy,24,110
XC589399_1686_1686.npy,24,110
XC617651_1687_1687.npy,24,128
XC617651_1688_1688.npy,24,128
XC617651_1689_1689.npy,24,128
XC617651_1690_1690.npy,24,128
XC617651_1691_1691.npy,24,128
XC617651_1692_1692.npy,24,128
XC617651_1693_1693.npy,24,128
XC617651_1694_1694.npy,24,128
XC617651_1695_1695.npy,24,128
XC617651_1696_1696.npy,24,128
XC618371_1697_1697.npy,24,30
XC170466_1698_1698.npy,9,15
XC170466_1699_1699.npy,9,15
XC170466_1700_1700.npy,9,15
XC170466_1701_1701.npy,9,15
XC170466_1702_1702.npy,9,15
XC170466_1703_1703.npy,9,15
XC170466_1704_1704.npy,9,15
XC170466_1705_1705.npy,9,15
XC170466_1706_1706.npy,9,15
XC174296_1707_1707.npy,9,49
XC174296_1708_1708.npy,9,49
XC174296_1709_1709.npy,9,49
XC174296_1710_1710.npy,9,49
XC176292_1711_1711.npy,9,98
XC176292_1712_1712.npy,9,98
XC176292_1713_1713.npy,9,98
XC176292_1714_1714.npy,9,98
XC199221_1715_1715.npy,9,73
XC199221_1716_1716.npy,9,73
XC299076_1717_1717.npy,9,64
XC299076_1718_1718.npy,9,64
XC299076_1719_1719.npy,9,64
XC299076_1720_1720.npy,9,64
XC299076_1721_1721.npy,9,64
XC299076_1722_1722.npy,9,64
XC299076_1723_1723.npy,9,64
XC299076_1724_1724.npy,9,64
XC299076_1725_1725.npy,9,64
XC299076_1726_1726.npy,9,64
XC32307_1727_1727.npy,9,133
XC32307_1728_1728.npy,9,133
XC32307_1729_1729.npy,9,133
XC395322_1730_1730.npy,9,101
XC395322_1731_1731.npy,9,101
XC395322_1732_1732.npy,9,101
XC395322_1733_1733.npy,9,101
XC395322_1734_1734.npy,9,101
XC395322_1735_1735.npy,9,101
XC395322_1736_1736.npy,9,101
XC401102_1737_1737.npy,9,26
XC447911_1738_1738.npy,9,170
XC447911_1739_1739.npy,9,170
XC447911_1740_1740.npy,9,170
XC447911_1741_1741.npy,9,170
XC471082_1742_1742.npy,9,157
XC471082_1743_1743.npy,9,157
XC471082_1744_1744.npy,9,157
XC51023_1745_1745.npy,9,20
XC51023_1746_1746.npy,9,20
XC51023_1747_1747.npy,9,20
XC51023_1748_1748.npy,9,20
XC149971_1749_1749.npy,16,39
XC149971_1750_1750.npy,16,39
XC149971_1751_1751.npy,16,39
XC149971_1752_1752.npy,16,39
XC149971_1753_1753.npy,16,39
XC149971_1754_1754.npy,16,39
XC149971_1755_1755.npy,16,39
XC149971_1756_1756.npy,16,39
XC149971_1757_1757.npy,16,39
XC149971_1758_1758.npy,16,39
XC149971_1759_1759.npy,16,39
XC149971_1760_1760.npy,16,39
XC149971_1761_1761.npy,16,39
XC149971_1762_1762.npy,16,39
XC149971_1763_1763.npy,16,39
XC155976_1764_1764.npy,16,39
XC155976_1765_1765.npy,16,39
XC155976_1766_1766.npy,16,39
XC155976_1767_1767.npy,16,39
XC155976_1768_1768.npy,16,39
XC155976_1769_1769.npy,16,39
XC155976_1770_1770.npy,16,39
XC174382_1771_1771.npy,16,49
XC174382_1772_1772.npy,16,49
XC174382_1773_1773.npy,16,49
XC174382_1774_1774.npy,16,49
XC174382_1775_1775.npy,16,49
XC174382_1776_1776.npy,16,49
XC294699_1777_1777.npy,16,49
XC297688_1778_1778.npy,16,104
XC297688_1779_1779.npy,16,104
XC297688_1780_1780.npy,16,104
XC297688_1781_1781.npy,16,104
XC297688_1782_1782.npy,16,104
XC297688_1783_1783.npy,16,104
XC297688_1784_1784.npy,16,104
XC297688_1785_1785.npy,16,104
XC299697_1786_1786.npy,16,64
XC299697_1787_1787.npy,16,64
XC299697_1788_1788.npy,16,64
XC299697_1789_1789.npy,16,64
XC299704_1790_1790.npy,16,64
XC299704_1791_1791.npy,16,64
XC299704_1792_1792.npy,16,64
XC351188_1793_1793.npy,16,82
XC351188_1794_1794.npy,16,82
XC377343_1795_1795.npy,16,167
XC377343_1796_1796.npy,16,167
XC377343_1797_1797.npy,16,167
XC377343_1798_1798.npy,16,167
XC377343_1799_1799.npy,16,167
XC377343_1800_1800.npy,16,167
XC377344_1801_1801.npy,16,167
XC377344_1802_1802.npy,16,167
XC377344_1803_1803.npy,16,167
XC377344_1804_1804.npy,16,167
XC377344_1805_1805.npy,16,167
XC400175_1806_1806.npy,16,26
XC400175_1807_1807.npy,16,26
XC43921_1808_1808.npy,16,125
XC43921_1809_1809.npy,16,125
XC43921_1810_1810.npy,16,125
XC43921_1811_1811.npy,16,125
XC44401_1812_1812.npy,16,125
XC44401_1813_1813.npy,16,125
XC44404_1814_1814.npy,16,125
XC44404_1815_1815.npy,16,125
XC73445_1816_1816.npy,16,97
XC73445_1817_1817.npy,16,97
XC73445_1818_1818.npy,16,97
XC73445_1819_1819.npy,16,97
XC73445_1820_1820.npy,16,97
XC73446_1821_1821.npy,16,97
XC73446_1822_1822.npy,16,97
XC73446_1823_1823.npy,16,97
XC73446_1824_1824.npy,16,97
XC85020_1825_1825.npy,16,92
XC85020_1826_1826.npy,16,92
XC133977_1827_1827.npy,8,144
XC133977_1828_1828.npy,8,144
XC133977_1829_1829.npy,8,144
XC133977_1830_1830.npy,8,144
XC133977_1831_1831.npy,8,144
XC150255_1832_1832.npy,8,110
XC150255_1833_1833.npy,8,110
XC150255_1834_1834.npy,8,110
XC150255_1835_1835.npy,8,110
XC150255_1836_1836.npy,8,110
XC150255_1837_1837.npy,8,110
XC150255_1838_1838.npy,8,110
XC150255_1839_1839.npy,8,110
XC150255_1840_1840.npy,8,110
XC166032_1841_1841.npy,8,101
XC166032_1842_1842.npy,8,101
XC166032_1843_1843.npy,8,101
XC166032_1844_1844.npy,8,101
XC166032_1845_1845.npy,8,101
XC166032_1846_1846.npy,8,101
XC166032_1847_1847.npy,8,101
XC166032_1848_1848.npy,8,101
XC166032_1849_1849.npy,8,101
XC166032_1850_1850.npy,8,101
XC166032_1851_1851.npy,8,101
XC166032_1852_1852.npy,8,101
XC166032_1853_1853.npy,8,101
XC173298_1854_1854.npy,8,49
XC175252_1855_1855.npy,8,12
XC175252_1856_1856.npy,8,12
XC175252_1857_1857.npy,8,12
XC198638_1858_1858.npy,8,161
XC198638_1859_1859.npy,8,161
XC198638_1860_1860.npy,8,161
XC198638_1861_1861.npy,8,161
XC198638_1862_1862.npy,8,161
XC198638_1863_1863.npy,8,161
XC198638_1864_1864.npy,8,161
XC198638_1865_1865.npy,8,161
XC198638_1866_1866.npy,8,161
XC198638_1867_1867.npy,8,161
XC198638_1868_1868.npy,8,161
XC198638_1869_1869.npy,8,161
XC198638_1870_1870.npy,8,161
XC198638_1871_1871.npy,8,161
XC198638_1872_1872.npy,8,161
XC198638_1873_1873.npy,8,161
XC198638_1874_1874.npy,8,161
XC198638_1875_1875.npy,8,161
XC198638_1876_1876.npy,8,161
XC198638_1877_1877.npy,8,161
XC198638_1878_1878.npy,8,161
XC198638_1879_1879.npy,8,161
XC248093_1880_1880.npy,8,110
XC248093_1881_1881.npy,8,110
XC248093_1882_1882.npy,8,110
XC248093_1883_1883.npy,8,110
XC248093_1884_1884.npy,8,110
XC248093_1885_1885.npy,8,110
XC279107_1886_1886.npy,8,108
XC279107_1887_1887.npy,8,108
XC279107_1888_1888.npy,8,108
XC279107_1889_1889.npy,8,108
XC279107_1890_1890.npy,8,108
XC279107_1891_1891.npy,8,108
XC279107_1892_1892.npy,8,108
XC279107_1893_1893.npy,8,108
XC279107_1894_1894.npy,8,108
XC279107_1895_1895.npy,8,108
XC286484_1896_1896.npy,8,147
XC286484_1897_1897.npy,8,147
XC286484_1898_1898.npy,8,147
XC292355_1899_1899.npy,8,110
XC292355_1900_1900.npy,8,110
XC294685_1901_1901.npy,8,49
XC294685_1902_1902.npy,8,49
XC294685_1903_1903.npy,8,49
XC299620_1904_1904.npy,8,64
XC299620_1905_1905.npy,8,64
XC299620_1906_1906.npy,8,64
XC299620_1907_1907.npy,8,64
XC299620_1908_1908.npy,8,64
XC299620_1909_1909.npy,8,64
XC299620_1910_1910.npy,8,64
XC299620_1911_1911.npy,8,64
XC308605_1912_1912.npy,8,105
XC308605_1913_1913.npy,8,105
XC417035_1914_1914.npy,8,170
XC417035_1915_1915.npy,8,170
XC421431_1916_1916.npy,8,64
XC421431_1917_1917.npy,8,64
XC421431_1918_1918.npy,8,64
XC421431_1919_1919.npy,8,64
XC421431_1920_1920.npy,8,64
XC421431_1921_1921.npy,8,64
XC421431_1922_1922.npy,8,64
XC421431_1923_1923.npy,8,64
XC421431_1924_1924.npy,8,64
XC421431_1925_1925.npy,8,64
XC427432_1926_1926.npy,8,29
XC171685_1927_1927.npy,19,71
XC171685_1928_1928.npy,19,71
XC171685_1929_1929.npy,19,71
XC171685_1930_1930.npy,19,71
XC174808_1931_1931.npy,19,98
XC176503_1932_1932.npy,19,49
XC176503_1933_1933.npy,19,49
XC176503_1934_1934.npy,19,49
XC176503_1935_1935.npy,19,49
XC176503_1936_1936.npy,19,49
XC176503_1937_1937.npy,19,49
XC176503_1938_1938.npy,19,49
XC184575_1939_1939.npy,19,14
XC184575_1940_1940.npy,19,14
XC184575_1941_1941.npy,19,14
XC184575_1942_1942.npy,19,14
XC184575_1943_1943.npy,19,14
XC184575_1944_1944.npy,19,14
XC19527_1945_1945.npy,19,133
XC19527_1946_1946.npy,19,133
XC19527_1947_1947.npy,19,133
XC19527_1948_1948.npy,19,133
XC19527_1949_1949.npy,19,133
XC19527_1950_1950.npy,19,133
XC214508_1951_1951.npy,19,145
XC214508_1952_1952.npy,19,145
XC214508_1953_1953.npy,19,145
XC214508_1954_1954.npy,19,145
XC286669_1955_1955.npy,19,115
XC286669_1956_1956.npy,19,115
XC286669_1957_1957.npy,19,115
XC286669_1958_1958.npy,19,115
XC286669_1959_1959.npy,19,115
XC286669_1960_1960.npy,19,115
XC29073_1961_1961.npy,19,133
XC29073_1962_1962.npy,19,133
XC29073_1963_1963.npy,19,133
XC29073_1964_1964.npy,19,133
XC29073_1965_1965.npy,19,133
XC29073_1966_1966.npy,19,133
XC29073_1967_1967.npy,19,133
XC29073_1968_1968.npy,19,133
XC29073_1969_1969.npy,19,133
XC294667_1970_1970.npy,19,49
XC294667_1971_1971.npy,19,49
XC294667_1972_1972.npy,19,49
XC294667_1973_1973.npy,19,49
XC299637_1974_1974.npy,19,141
XC299637_1975_1975.npy,19,141
XC299637_1976_1976.npy,19,141
XC299637_1977_1977.npy,19,141
XC299637_1978_1978.npy,19,141
XC299637_1979_1979.npy,19,141
XC299637_1980_1980.npy,19,141
XC299640_1981_1981.npy,19,141
XC299640_1982_1982.npy,19,141
XC299640_1983_1983.npy,19,141
XC299640_1984_1984.npy,19,141
XC299640_1985_1985.npy,19,141
XC299640_1986_1986.npy,19,141
XC299640_1987_1987.npy,19,141
XC299640_1988_1988.npy,19,141
XC299640_1989_1989.npy,19,141
XC299640_1990_1990.npy,19,141
XC299640_1991_1991.npy,19,141
XC299640_1992_1992.npy,19,141
XC299640_1993_1993.npy,19,141
XC299640_1994_1994.npy,19,141
XC325906_1995_1995.npy,19,64
XC325906_1996_1996.npy,19,64
XC325906_1997_1997.npy,19,64
XC325906_1998_1998.npy,19,64
XC325906_1999_1999.npy,19,64
XC325906_2000_2000.npy,19,64
XC325906_2001_2001.npy,19,64
XC325906_2002_2002.npy,19,64
XC343909_2003_2003.npy,19,130
XC343909_2004_2004.npy,19,130
XC343909_2005_2005.npy,19,130
XC343909_2006_2006.npy,19,130
XC452491_2007_2007.npy,19,114
XC452491_2008_2008.npy,19,114
XC452491_2009_2009.npy,19,114
XC452491_2010_2010.npy,19,114
XC452491_2011_2011.npy,19,114
XC452491_2012_2012.npy,19,114
XC452491_2013_2013.npy,19,114
XC452491_2014_2014.npy,19,114
XC51320_2015_2015.npy,19,20
XC51320_2016_2016.npy,19,20
XC51320_2017_2017.npy,19,20
XC51325_2018_2018.npy,19,20
XC51325_2019_2019.npy,19,20
XC545187_2020_2020.npy,19,111
XC545187_2021_2021.npy,19,111
XC574591_2022_2022.npy,19,70
XC574591_2023_2023.npy,19,70
XC574591_2024_2024.npy,19,70
XC574591_2025_2025.npy,19,70
XC574591_2026_2026.npy,19,70
XC116392_2027_2027.npy,5,11
XC116392_2028_2028.npy,5,11
XC116392_2029_2029.npy,5,11
XC128623_2030_2030.npy,5,55
XC128623_2031_2031.npy,5,55
XC128623_2032_2032.npy,5,55
XC128623_2033_2033.npy,5,55
XC128623_2034_2034.npy,5,55
XC128623_2035_2035.npy,5,55
XC128623_2036_2036.npy,5,55
XC128623_2037_2037.npy,5,55
XC128623_2038_2038.npy,5,55
XC128623_2039_2039.npy,5,55
XC128623_2040_2040.npy,5,55
XC128623_2041_2041.npy,5,55
XC128623_2042_2042.npy,5,55
XC128623_2043_2043.npy,5,55
XC128623_2044_2044.npy,5,55
XC128623_2045_2045.npy,5,55
XC128623_2046_2046.npy,5,55
XC150915_2047_2047.npy,5,144
XC150915_2048_2048.npy,5,144
XC150915_2049_2049.npy,5,144
XC150915_2050_2050.npy,5,144
XC150915_2051_2051.npy,5,144
XC150915_2052_2052.npy,5,144
XC150915_2053_2053.npy,5,144
XC153573_2054_2054.npy,5,39
XC157396_2055_2055.npy,5,15
XC157396_2056_2056.npy,5,15
XC157396_2057_2057.npy,5,15
XC157396_2058_2058.npy,5,15
XC157396_2059_2059.npy,5,15
XC157396_2060_2060.npy,5,15
XC16216_2061_2061.npy,5,133
XC166263_2062_2062.npy,5,15
XC166263_2063_2063.npy,5,15
XC166264_2064_2064.npy,5,15
XC166264_2065_2065.npy,5,15
XC171162_2066_2066.npy,5,71
XC171162_2067_2067.npy,5,71
XC171162_2068_2068.npy,5,71
XC171162_2069_2069.npy,5,71
XC171162_2070_2070.npy,5,71
XC171166_2071_2071.npy,5,71
XC171166_2072_2072.npy,5,71
XC171166_2073_2073.npy,5,71
XC171166_2074_2074.npy,5,71
XC171166_2075_2075.npy,5,71
XC173978_2076_2076.npy,5,49
XC173978_2077_2077.npy,5,49
XC173978_2078_2078.npy,5,49
XC173978_2079_2079.npy,5,49
XC173978_2080_2080.npy,5,49
XC173978_2081_2081.npy,5,49
XC173978_2082_2082.npy,5,49
XC173978_2083_2083.npy,5,49
XC174810_2084_2084.npy,5,98
XC174810_2085_2085.npy,5,98
XC174810_2086_2086.npy,5,98
XC174810_2087_2087.npy,5,98
XC174810_2088_2088.npy,5,98
XC174810_2089_2089.npy,5,98
XC182615_2090_2090.npy,5,14
XC182615_2091_2091.npy,5,14
XC182615_2092_2092.npy,5,14
XC182615_2093_2093.npy,5,14
XC182615_2094_2094.npy,5,14
XC19955_2095_2095.npy,5,133
XC19955_2096_2096.npy,5,133
XC19955_2097_2097.npy,5,133
XC19955_2098_2098.npy,5,133
XC19955_2099_2099.npy,5,133
XC233193_2100_2100.npy,5,107
XC233193_2101_2101.npy,5,107
XC233193_2102_2102.npy,5,107
XC233193_2103_2103.npy,5,107
XC233193_2104_2104.npy,5,107
XC233193_2105_2105.npy,5,107
XC233193_2106_2106.npy,5,107
XC244497_2107_2107.npy,5,107
XC244497_2108_2108.npy,5,107
XC244497_2109_2109.npy,5,107
XC244497_2110_2110.npy,5,107
XC244497_2111_2111.npy,5,107
XC244497_2112_2112.npy,5,107
XC244497_2113_2113.npy,5,107
XC244497_2114_2114.npy,5,107
XC244497_2115_2115.npy,5,107
XC244497_2116_2116.npy,5,107
XC244497_2117_2117.npy,5,107
XC244497_2118_2118.npy,5,107
XC244497_2119_2119.npy,5,107
XC244497_2120_2120.npy,5,107
XC244497_2121_2121.npy,5,107
XC244497_2122_2122.npy,5,107
XC244497_2123_2123.npy,5,107
XC244497_2124_2124.npy,5,107
XC244497_2125_2125.npy,5,107
XC244497_2126_2126.npy,5,107
XC112733_2127_2127.npy,32,41
XC112733_2128_2128.npy,32,41
XC112733_2129_2129.npy,32,41
XC112733_2130_2130.npy,32,41
XC112733_2131_2131.npy,32,41
XC143490_2132_2132.npy,32,20
XC143490_2133_2133.npy,32,20
XC143490_2134_2134.npy,32,20
XC143490_2135_2135.npy,32,20
XC143490_2136_2136.npy,32,20
XC143490_2137_2137.npy,32,20
XC143491_2138_2138.npy,32,20
XC143491_2139_2139.npy,32,20
XC143491_2140_2140.npy,32,20
XC143491_2141_2141.npy,32,20
XC143491_2142_2142.npy,32,20
XC143491_2143_2143.npy,32,20
XC143491_2144_2144.npy,32,20
XC143491_2145_2145.npy,32,20
XC143491_2146_2146.npy,32,20
XC143491_2147_2147.npy,32,20
XC143491_2148_2148.npy,32,20
XC145049_2149_2149.npy,32,39
XC145049_2150_2150.npy,32,39
XC145049_2151_2151.npy,32,39
XC145437_2152_2152.npy,32,39
XC145437_2153_2153.npy,32,39
XC145727_2154_2154.npy,32,14
XC145727_2155_2155.npy,32,14
XC149126_2156_2156.npy,32,39
XC149126_2157_2157.npy,32,39
XC149126_2158_2158.npy,32,39
XC149663_2159_2159.npy,32,39
XC149663_2160_2160.npy,32,39
XC149663_2161_2161.npy,32,39
XC149663_2162_2162.npy,32,39
XC149663_2163_2163.npy,32,39
XC149663_2164_2164.npy,32,39
XC155966_2165_2165.npy,32,39
XC155966_2166_2166.npy,32,39
XC155966_2167_2167.npy,32,39
XC155966_2168_2168.npy,32,39
XC155966_2169_2169.npy,32,39
XC155966_2170_2170.npy,32,39
XC155966_2171_2171.npy,32,39
XC157215_2172_2172.npy,32,173
XC157215_2173_2173.npy,32,173
XC157215_2174_2174.npy,32,173
XC157215_2175_2175.npy,32,173
XC157215_2176_2176.npy,32,173
XC157215_2177_2177.npy,32,173
XC157215_2178_2178.npy,32,173
XC157215_2179_2179.npy,32,173
XC157215_2180_2180.npy,32,173
XC157215_2181_2181.npy,32,173
XC157215_2182_2182.npy,32,173
XC157433_2183_2183.npy,32,38
XC157433_2184_2184.npy,32,38
XC166280_2185_2185.npy,32,15
XC166280_2186_2186.npy,32,15
XC173317_2187_2187.npy,32,49
XC173317_2188_2188.npy,32,49
XC173317_2189_2189.npy,32,49
XC173317_2190_2190.npy,32,49
XC173317_2191_2191.npy,32,49
XC173317_2192_2192.npy,32,49
XC173317_2193_2193.npy,32,49
XC195820_2194_2194.npy,32,73
XC195820_2195_2195.npy,32,73
XC200411_2196_2196.npy,32,65
XC200411_2197_2197.npy,32,65
XC200411_2198_2198.npy,32,65
XC202064_2199_2199.npy,32,74
XC202064_2200_2200.npy,32,74
XC202064_2201_2201.npy,32,74
XC202064_2202_2202.npy,32,74
XC202064_2203_2203.npy,32,74
XC202064_2204_2204.npy,32,74
XC202064_2205_2205.npy,32,74
XC202064_2206_2206.npy,32,74
XC202064_2207_2207.npy,32,74
XC202064_2208_2208.npy,32,74
XC202064_2209_2209.npy,32,74
XC202064_2210_2210.npy,32,74
XC202064_2211_2211.npy,32,74
XC202064_2212_2212.npy,32,74
XC202064_2213_2213.npy,32,74
XC202064_2214_2214.npy,32,74
XC202064_2215_2215.npy,32,74
XC202064_2216_2216.npy,32,74
XC202064_2217_2217.npy,32,74
XC202064_2218_2218.npy,32,74
XC202064_2219_2219.npy,32,74
XC202064_2220_2220.npy,32,74
XC202064_2221_2221.npy,32,74
XC202064_2222_2222.npy,32,74
XC202064_2223_2223.npy,32,74
XC202064_2224_2224.npy,32,74
XC212745_2225_2225.npy,32,133
XC212745_2226_2226.npy,32,133
XC126991_2227_2227.npy,22,39
XC126991_2228_2228.npy,22,39
XC127043_2229_2229.npy,22,39
XC127043_2230_2230.npy,22,39
XC127043_2231_2231.npy,22,39
XC127043_2232_2232.npy,22,39
XC127043_2233_2233.npy,22,39
XC127043_2234_2234.npy,22,39
XC127043_2235_2235.npy,22,39
XC127043_2236_2236.npy,22,39
XC127043_2237_2237.npy,22,39
XC127043_2238_2238.npy,22,39
XC127043_2239_2239.npy,22,39
XC127043_2240_2240.npy,22,39
XC127043_2241_2241.npy,22,39
XC127043_2242_2242.npy,22,39
XC127043_2243_2243.npy,22,39
XC127043_2244_2244.npy,22,39
XC140999_2245_2245.npy,22,40
XC140999_2246_2246.npy,22,40
XC140999_2247_2247.npy,22,40
XC197761_2248_2248.npy,22,110
XC197761_2249_2249.npy,22,110
XC197761_2250_2250.npy,22,110
XC197761_2251_2251.npy,22,110
XC197761_2252_2252.npy,22,110
XC197761_2253_2253.npy,22,110
XC197761_2254_2254.npy,22,110
XC197761_2255_2255.npy,22,110
XC197761_2256_2256.npy,22,110
XC197761_2257_2257.npy,22,110
XC197761_2258_2258.npy,22,110
XC197761_2259_2259.npy,22,110
XC197761_2260_2260.npy,22,110
XC197761_2261_2261.npy,22,110
XC197761_2262_2262.npy,22,110
XC197761_2263_2263.npy,22,110
XC197761_2264_2264.npy,22,110
XC197761_2265_2265.npy,22,110
XC197761_2266_2266.npy,22,110
XC197761_2267_2267.npy,22,110
XC197761_2268_2268.npy,22,110
XC197761_2269_2269.npy,22,110
XC206957_2270_2270.npy,22,110
XC206957_2271_2271.npy,22,110
XC206957_2272_2272.npy,22,110
XC206957_2273_2273.npy,22,110
XC206957_2274_2274.npy,22,110
XC206957_2275_2275.npy,22,110
XC206957_2276_2276.npy,22,110
XC206957_2277_2277.npy,22,110
XC206957_2278_2278.npy,22,110
XC206957_2279_2279.npy,22,110
XC206957_2280_2280.npy,22,110
XC206957_2281_2281.npy,22,110
XC206957_2282_2282.npy,22,110
XC206957_2283_2283.npy,22,110
XC206957_2284_2284.npy,22,110
XC206957_2285_2285.npy,22,110
XC206957_2286_2286.npy,22,110
XC212725_2287_2287.npy,22,133
XC212725_2288_2288.npy,22,133
XC212725_2289_2289.npy,22,133
XC212725_2290_2290.npy,22,133
XC212725_2291_2291.npy,22,133
XC212725_2292_2292.npy,22,133
XC212725_2293_2293.npy,22,133
XC212725_2294_2294.npy,22,133
XC212725_2295_2295.npy,22,133
XC212725_2296_2296.npy,22,133
XC212725_2297_2297.npy,22,133
XC212725_2298_2298.npy,22,133
XC212725_2299_2299.npy,22,133
XC212725_2300_2300.npy,22,133
XC212725_2301_2301.npy,22,133
XC212725_2302_2302.npy,22,133
XC212725_2303_2303.npy,22,133
XC212725_2304_2304.npy,22,133
XC212725_2305_2305.npy,22,133
XC212725_2306_2306.npy,22,133
XC212725_2307_2307.npy,22,133
XC212725_2308_2308.npy,22,133
XC212725_2309_2309.npy,22,133
XC212725_2310_2310.npy,22,133
XC212725_2311_2311.npy,22,133
XC212769_2312_2312.npy,22,133
XC212769_2313_2313.npy,22,133
XC212769_2314_2314.npy,22,133
XC212769_2315_2315.npy,22,133
XC212769_2316_2316.npy,22,133
XC215722_2317_2317.npy,22,92
XC215722_2318_2318.npy,22,92
XC215722_2319_2319.npy,22,92
XC215722_2320_2320.npy,22,92
XC215722_2321_2321.npy,22,92
XC215722_2322_2322.npy,22,92
XC215722_2323_2323.npy,22,92
XC215723_2324_2324.npy,22,92
XC288336_2325_2325.npy,22,115
XC288336_2326_2326.npy,22,115
XC152624_2327_2327.npy,4,110
XC152624_2328_2328.npy,4,110
XC152624_2329_2329.npy,4,110
XC152624_2330_2330.npy,4,110
XC152624_2331_2331.npy,4,110
XC152624_2332_2332.npy,4,110
XC152624_2333_2333.npy,4,110
XC153893_2334_2334.npy,4,134
XC173700_2335_2335.npy,4,49
XC173700_2336_2336.npy,4,49
XC196528_2337_2337.npy,4,73
XC196528_2338_2338.npy,4,73
XC196528_2339_2339.npy,4,73
XC196528_2340_2340.npy,4,73
XC211852_2341_2341.npy,4,92
XC211852_2342_2342.npy,4,92
XC211852_2343_2343.npy,4,92
XC211852_2344_2344.npy,4,92
XC211852_2345_2345.npy,4,92
XC211852_2346_2346.npy,4,92
XC211852_2347_2347.npy,4,92
XC211852_2348_2348.npy,4,92
XC211852_2349_2349.npy,4,92
XC211852_2350_2350.npy,4,92
XC211852_2351_2351.npy,4,92
XC211852_2352_2352.npy,4,92
XC211852_2353_2353.npy,4,92
XC211852_2354_2354.npy,4,92
XC211852_2355_2355.npy,4,92
XC211852_2356_2356.npy,4,92
XC290372_2357_2357.npy,4,175
XC290372_2358_2358.npy,4,175
XC290372_2359_2359.npy,4,175
XC290372_2360_2360.npy,4,175
XC290372_2361_2361.npy,4,175
XC290372_2362_2362.npy,4,175
XC351256_2363_2363.npy,4,92
XC351256_2364_2364.npy,4,92
XC351256_2365_2365.npy,4,92
XC351256_2366_2366.npy,4,92
XC351256_2367_2367.npy,4,92
XC351256_2368_2368.npy,4,92
XC351256_2369_2369.npy,4,92
XC351256_2370_2370.npy,4,92
XC351256_2371_2371.npy,4,92
XC351256_2372_2372.npy,4,92
XC351256_2373_2373.npy,4,92
XC364817_2374_2374.npy,4,25
XC364817_2375_2375.npy,4,25
XC364817_2376_2376.npy,4,25
XC364817_2377_2377.npy,4,25
XC364817_2378_2378.npy,4,25
XC364817_2379_2379.npy,4,25
XC364817_2380_2380.npy,4,25
XC364817_2381_2381.npy,4,25
XC368220_2382_2382.npy,4,70
XC368220_2383_2383.npy,4,70
XC368220_2384_2384.npy,4,70
XC368220_2385_2385.npy,4,70
XC368220_2386_2386.npy,4,70
XC368220_2387_2387.npy,4,70
XC393399_2388_2388.npy,4,130
XC393399_2389_2389.npy,4,130
XC50491_2390_2390.npy,4,20
XC50491_2391_2391.npy,4,20
XC561811_2392_2392.npy,4,116
XC561811_2393_2393.npy,4,116
XC561811_2394_2394.npy,4,116
XC561811_2395_2395.npy,4,116
XC561811_2396_2396.npy,4,116
XC561811_2397_2397.npy,4,116
XC561811_2398_2398.npy,4,116
XC561811_2399_2399.npy,4,116
XC561811_2400_2400.npy,4,116
XC112712_2401_2401.npy,1,133
XC112712_2402_2402.npy,1,133
XC112712_2403_2403.npy,1,133
XC112712_2404_2404.npy,1,133
XC112712_2405_2405.npy,1,133
XC112712_2406_2406.npy,1,133
XC112712_2407_2407.npy,1,133
XC112712_2408_2408.npy,1,133
XC112712_2409_2409.npy,1,133
XC112712_2410_2410.npy,1,133
XC112712_2411_2411.npy,1,133
XC112712_2412_2412.npy,1,133
XC112712_2413_2413.npy,1,133
XC112712_2414_2414.npy,1,133
XC112712_2415_2415.npy,1,133
XC112712_2416_2416.npy,1,133
XC112712_2417_2417.npy,1,133
XC112712_2418_2418.npy,1,133
XC112712_2419_2419.npy,1,133
XC112712_2420_2420.npy,1,133
XC112712_2421_2421.npy,1,133
XC112713_2422_2422.npy,1,133
XC112713_2423_2423.npy,1,133
XC112713_2424_2424.npy,1,133
XC112713_2425_2425.npy,1,133
XC112713_2426_2426.npy,1,133
XC112713_2427_2427.npy,1,133
XC112713_2428_2428.npy,1,133
XC112713_2429_2429.npy,1,133
XC112713_2430_2430.npy,1,133
XC112713_2431_2431.npy,1,133
XC112713_2432_2432.npy,1,133
XC112713_2433_2433.npy,1,133
XC150916_2434_2434.npy,1,144
XC150916_2435_2435.npy,1,144
XC150916_2436_2436.npy,1,144
XC150917_2437_2437.npy,1,144
XC150917_2438_2438.npy,1,144
XC150917_2439_2439.npy,1,144
XC150917_2440_2440.npy,1,144
XC157391_2441_2441.npy,1,15
XC157391_2442_2442.npy,1,15
XC174812_2443_2443.npy,1,98
XC174812_2444_2444.npy,1,98
XC174812_2445_2445.npy,1,98
XC174812_2446_2446.npy,1,98
XC174812_2447_2447.npy,1,98
XC174812_2448_2448.npy,1,98
XC174812_2449_2449.npy,1,98
XC174812_2450_2450.npy,1,98
XC174813_2451_2451.npy,1,98
XC174813_2452_2452.npy,1,98
XC176886_2453_2453.npy,1,49
XC234335_2454_2454.npy,1,145
XC234335_2455_2455.npy,1,145
XC288778_2456_2456.npy,1,145
XC288778_2457_2457.npy,1,145
XC320634_2458_2458.npy,1,110
XC320634_2459_2459.npy,1,110
XC380948_2460_2460.npy,1,40
XC380948_2461_2461.npy,1,40
XC380948_2462_2462.npy,1,40
XC380948_2463_2463.npy,1,40
XC380948_2464_2464.npy,1,40
XC394644_2465_2465.npy,1,70
XC394644_2466_2466.npy,1,70
XC394644_2467_2467.npy,1,70
XC394644_2468_2468.npy,1,70
XC394645_2469_2469.npy,1,70
XC394645_2470_2470.npy,1,70
XC394645_2471_2471.npy,1,70
XC394645_2472_2472.npy,1,70
XC50528_2473_2473.npy,1,20
XC50528_2474_2474.npy,1,20
XC615591_2475_2475.npy,1,58
XC615591_2476_2476.npy,1,58
XC615591_2477_2477.npy,1,58
XC615591_2478_2478.npy,1,58
XC615591_2479_2479.npy,1,58
XC615591_2480_2480.npy,1,58
XC615591_2481_2481.npy,1,58
XC615591_2482_2482.npy,1,58
XC615591_2483_2483.npy,1,58
XC615591_2484_2484.npy,1,58
XC616305_2485_2485.npy,1,58
XC616305_2486_2486.npy,1,58
XC616305_2487_2487.npy,1,58
XC616305_2488_2488.npy,1,58
XC616305_2489_2489.npy,1,58
XC616305_2490_2490.npy,1,58
XC616305_2491_2491.npy,1,58
XC616305_2492_2492.npy,1,58
XC616305_2493_2493.npy,1,58
XC616305_2494_2494.npy,1,58
XC616305_2495_2495.npy,1,58
XC81494_2496_2496.npy,1,92
XC81494_2497_2497.npy,1,92
XC81494_2498_2498.npy,1,92
XC81494_2499_2499.npy,1,92
XC81496_2500_2500.npy,1,92
XC116245_2501_2501.npy,30,11
XC116245_2502_2502.npy,30,11
XC116245_2503_2503.npy,30,11
XC116245_2504_2504.npy,30,11
XC116245_2505_2505.npy,30,11
XC116245_2506_2506.npy,30,11
XC116245_2507_2507.npy,30,11
XC116245_2508_2508.npy,30,11
XC116245_2509_2509.npy,30,11
XC116245_2510_2510.npy,30,11
XC116245_2511_2511.npy,30,11
XC116245_2512_2512.npy,30,11
XC116245_2513_2513.npy,30,11
XC116245_2514_2514.npy,30,11
XC116245_2515_2515.npy,30,11
XC116245_2516_2516.npy,30,11
XC16003_2517_2517.npy,30,133
XC16003_2518_2518.npy,30,133
XC16003_2519_2519.npy,30,133
XC16003_2520_2520.npy,30,133
XC16003_2521_2521.npy,30,133
XC171689_2522_2522.npy,30,71
XC171689_2523_2523.npy,30,71
XC199139_2524_2524.npy,30,73
XC199139_2525_2525.npy,30,73
XC216146_2526_2526.npy,30,7
XC216146_2527_2527.npy,30,7
XC216146_2528_2528.npy,30,7
XC294690_2529_2529.npy,30,49
XC294690_2530_2530.npy,30,49
XC294690_2531_2531.npy,30,49
XC343265_2532_2532.npy,30,130
XC343265_2533_2533.npy,30,130
XC343265_2534_2534.npy,30,130
XC343265_2535_2535.npy,30,130
XC343265_2536_2536.npy,30,130
XC343265_2537_2537.npy,30,130
XC343265_2538_2538.npy,30,130
XC343265_2539_2539.npy,30,130
XC343265_2540_2540.npy,30,130
XC343265_2541_2541.npy,30,130
XC355326_2542_2542.npy,30,70
XC355326_2543_2543.npy,30,70
XC355326_2544_2544.npy,30,70
XC355326_2545_2545.npy,30,70
XC361137_2546_2546.npy,30,133
XC361137_2547_2547.npy,30,133
XC361137_2548_2548.npy,30,133
XC361137_2549_2549.npy,30,133
XC361137_2550_2550.npy,30,133
XC361137_2551_2551.npy,30,133
XC374154_2552_2552.npy,30,37
XC374154_2553_2553.npy,30,37
XC374154_2554_2554.npy,30,37
XC374154_2555_2555.npy,30,37
XC374154_2556_2556.npy,30,37
XC374154_2557_2557.npy,30,37
XC374154_2558_2558.npy,30,37
XC374154_2559_2559.npy,30,37
XC374154_2560_2560.npy,30,37
XC374154_2561_2561.npy,30,37
XC374154_2562_2562.npy,30,37
XC384669_2563_2563.npy,30,37
XC384670_2564_2564.npy,30,37
XC384670_2565_2565.npy,30,37
XC393398_2566_2566.npy,30,130
XC393398_2567_2567.npy,30,130
XC393398_2568_2568.npy,30,130
XC393398_2569_2569.npy,30,130
XC393398_2570_2570.npy,30,130
XC393398_2571_2571.npy,30,130
XC393398_2572_2572.npy,30,130
XC393398_2573_2573.npy,30,130
XC393398_2574_2574.npy,30,130
XC393398_2575_2575.npy,30,130
XC393398_2576_2576.npy,30,130
XC395335_2577_2577.npy,30,101
XC395335_2578_2578.npy,30,101
XC395335_2579_2579.npy,30,101
XC396559_2580_2580.npy,30,181
XC396559_2581_2581.npy,30,181
XC396559_2582_2582.npy,30,181
XC396560_2583_2583.npy,30,181
XC396560_2584_2584.npy,30,181
XC396560_2585_2585.npy,30,181
XC396560_2586_2586.npy,30,181
XC396560_2587_2587.npy,30,181
XC396560_2588_2588.npy,30,181
XC396560_2589_2589.npy,30,181
XC396560_2590_2590.npy,30,181
XC396560_2591_2591.npy,30,181
XC415812_2592_2592.npy,30,25
XC415814_2593_2593.npy,30,25
XC415814_2594_2594.npy,30,25
XC415814_2595_2595.npy,30,25
XC415814_2596_2596.npy,30,25
XC415863_2597_2597.npy,30,25
XC415863_2598_2598.npy,30,25
XC415863_2599_2599.npy,30,25
XC415863_2600_2600.npy,30,25
XC150257_2601_2601.npy,26,110
XC150257_2602_2602.npy,26,110
XC150257_2603_2603.npy,26,110
XC150257_2604_2604.npy,26,110
XC150257_2605_2605.npy,26,110
XC150257_2606_2606.npy,26,110
XC150257_2607_2607.npy,26,110
XC150257_2608_2608.npy,26,110
XC150257_2609_2609.npy,26,110
XC150257_2610_2610.npy,26,110
XC150257_2611_2611.npy,26,110
XC150257_2612_2612.npy,26,110
XC150257_2613_2613.npy,26,110
XC150257_2614_2614.npy,26,110
XC150817_2615_2615.npy,26,144
XC150817_2616_2616.npy,26,144
XC150817_2617_2617.npy,26,144
XC150890_2618_2618.npy,26,144
XC150890_2619_2619.npy,26,144
XC150890_2620_2620.npy,26,144
XC173304_2621_2621.npy,26,49
XC173304_2622_2622.npy,26,49
XC173304_2623_2623.npy,26,49
XC182338_2624_2624.npy,26,145
XC182338_2625_2625.npy,26,145
XC182338_2626_2626.npy,26,145
XC212389_2627_2627.npy,26,64
XC212389_2628_2628.npy,26,64
XC212389_2629_2629.npy,26,64
XC212389_2630_2630.npy,26,64
XC212389_2631_2631.npy,26,64
XC315727_2632_2632.npy,26,15
XC315727_2633_2633.npy,26,15
XC331699_2634_2634.npy,26,40
XC331699_2635_2635.npy,26,40
XC331699_2636_2636.npy,26,40
XC331699_2637_2637.npy,26,40
XC331699_2638_2638.npy,26,40
XC365181_2639_2639.npy,26,25
XC365181_2640_2640.npy,26,25
XC365181_2641_2641.npy,26,25
XC365181_2642_2642.npy,26,25
XC365181_2643_2643.npy,26,25
XC391110_2644_2644.npy,26,107
XC391110_2645_2645.npy,26,107
XC391110_2646_2646.npy,26,107
XC391110_2647_2647.npy,26,107
XC391110_2648_2648.npy,26,107
XC391110_2649_2649.npy,26,107
XC391110_2650_2650.npy,26,107
XC391110_2651_2651.npy,26,107
XC391110_2652_2652.npy,26,107
XC391110_2653_2653.npy,26,107
XC391110_2654_2654.npy,26,107
XC391110_2655_2655.npy,26,107
XC391110_2656_2656.npy,26,107
XC391110_2657_2657.npy,26,107
XC391110_2658_2658.npy,26,107
XC391110_2659_2659.npy,26,107
XC391110_2660_2660.npy,26,107
XC391110_2661_2661.npy,26,107
XC391110_2662_2662.npy,26,107
XC391110_2663_2663.npy,26,107
XC391110_2664_2664.npy,26,107
XC391110_2665_2665.npy,26,107
XC391110_2666_2666.npy,26,107
XC391110_2667_2667.npy,26,107
XC395333_2668_2668.npy,26,101
XC395333_2669_2669.npy,26,101
XC395333_2670_2670.npy,26,101
XC395333_2671_2671.npy,26,101
XC395333_2672_2672.npy,26,101
XC395333_2673_2673.npy,26,101
XC395333_2674_2674.npy,26,101
XC395333_2675_2675.npy,26,101
XC395333_2676_2676.npy,26,101
XC395333_2677_2677.npy,26,101
XC395333_2678_2678.npy,26,101
XC395333_2679_2679.npy,26,101
XC403206_2680_2680.npy,26,56
XC403206_2681_2681.npy,26,56
XC403206_2682_2682.npy,26,56
XC424983_2683_2683.npy,26,170
XC428350_2684_2684.npy,26,170
XC428350_2685_2685.npy,26,170
XC428350_2686_2686.npy,26,170
XC428350_2687_2687.npy,26,170
XC428350_2688_2688.npy,26,170
XC428350_2689_2689.npy,26,170
XC428350_2690_2690.npy,26,170
XC428633_2691_2691.npy,26,170
XC428633_2692_2692.npy,26,170
XC443799_2693_2693.npy,26,107
XC443799_2694_2694.npy,26,107
XC443799_2695_2695.npy,26,107
XC443799_2696_2696.npy,26,107
XC443799_2697_2697.npy,26,107
XC443799_2698_2698.npy,26,107
XC443799_2699_2699.npy,26,107
XC443799_2700_2700.npy,26,107
XC116266_2701_2701.npy,13,11
XC116266_2702_2702.npy,13,11
XC116266_2703_2703.npy,13,11
XC116266_2704_2704.npy,13,11
XC116266_2705_2705.npy,13,11
XC116266_2706_2706.npy,13,11
XC116266_2707_2707.npy,13,11
XC116266_2708_2708.npy,13,11
XC116266_2709_2709.npy,13,11
XC116266_2710_2710.npy,13,11
XC116266_2711_2711.npy,13,11
XC116266_2712_2712.npy,13,11
XC116266_2713_2713.npy,13,11
XC116655_2714_2714.npy,13,145
XC116655_2715_2715.npy,13,145
XC116655_2716_2716.npy,13,145
XC144898_2717_2717.npy,13,14
XC144898_2718_2718.npy,13,14
XC144898_2719_2719.npy,13,14
XC144955_2720_2720.npy,13,39
XC144955_2721_2721.npy,13,39
XC144955_2722_2722.npy,13,39
XC144955_2723_2723.npy,13,39
XC144955_2724_2724.npy,13,39
XC144955_2725_2725.npy,13,39
XC144955_2726_2726.npy,13,39
XC182801_2727_2727.npy,13,14
XC182801_2728_2728.npy,13,14
XC182801_2729_2729.npy,13,14
XC182801_2730_2730.npy,13,14
XC182801_2731_2731.npy,13,14
XC199136_2732_2732.npy,13,73
XC210149_2733_2733.npy,13,92
XC210149_2734_2734.npy,13,92
XC210149_2735_2735.npy,13,92
XC210149_2736_2736.npy,13,92
XC211770_2737_2737.npy,13,145
XC211770_2738_2738.npy,13,145
XC211770_2739_2739.npy,13,145
XC290321_2740_2740.npy,13,175
XC290321_2741_2741.npy,13,175
XC32319_2742_2742.npy,13,133
XC32319_2743_2743.npy,13,133
XC32320_2744_2744.npy,13,133
XC32320_2745_2745.npy,13,133
XC32320_2746_2746.npy,13,133
XC32321_2747_2747.npy,13,133
XC32322_2748_2748.npy,13,133
XC32322_2749_2749.npy,13,133
XC32322_2750_2750.npy,13,133
XC361108_2751_2751.npy,13,133
XC361108_2752_2752.npy,13,133
XC361108_2753_2753.npy,13,133
XC361108_2754_2754.npy,13,133
XC361108_2755_2755.npy,13,133
XC361108_2756_2756.npy,13,133
XC361108_2757_2757.npy,13,133
XC361108_2758_2758.npy,13,133
XC361108_2759_2759.npy,13,133
XC361108_2760_2760.npy,13,133
XC361108_2761_2761.npy,13,133
XC361108_2762_2762.npy,13,133
XC361108_2763_2763.npy,13,133
XC361108_2764_2764.npy,13,133
XC361108_2765_2765.npy,13,133
XC361108_2766_2766.npy,13,133
XC361108_2767_2767.npy,13,133
XC361108_2768_2768.npy,13,133
XC361108_2769_2769.npy,13,133
XC361108_2770_2770.npy,13,133
XC361108_2771_2771.npy,13,133
XC361108_2772_2772.npy,13,133
XC361108_2773_2773.npy,13,133
XC361108_2774_2774.npy,13,133
XC361108_2775_2775.npy,13,133
XC361108_2776_2776.npy,13,133
XC361108_2777_2777.npy,13,133
XC361108_2778_2778.npy,13,133
XC389217_2779_2779.npy,13,31
XC389217_2780_2780.npy,13,31
XC399501_2781_2781.npy,13,133
XC399501_2782_2782.npy,13,133
XC399501_2783_2783.npy,13,133
XC399501_2784_2784.npy,13,133
XC399501_2785_2785.npy,13,133
XC399501_2786_2786.npy,13,133
XC399501_2787_2787.npy,13,133
XC399501_2788_2788.npy,13,133
XC399502_2789_2789.npy,13,133
XC399502_2790_2790.npy,13,133
XC399502_2791_2791.npy,13,133
XC399502_2792_2792.npy,13,133
XC399502_2793_2793.npy,13,133
XC399502_2794_2794.npy,13,133
XC399502_2795_2795.npy,13,133
XC399502_2796_2796.npy,13,133
XC399502_2797_2797.npy,13,133
XC399502_2798_2798.npy,13,133
XC399502_2799_2799.npy,13,133
XC399502_2800_2800.npy,13,133
XC166920_2801_2801.npy,21,15
XC166920_2802_2802.npy,21,15
XC166920_2803_2803.npy,21,15
XC166920_2804_2804.npy,21,15
XC166920_2805_2805.npy,21,15
XC166920_2806_2806.npy,21,15
XC174649_2807_2807.npy,21,49
XC174649_2808_2808.npy,21,49
XC174649_2809_2809.npy,21,49
XC174649_2810_2810.npy,21,49
XC174649_2811_2811.npy,21,49
XC174649_2812_2812.npy,21,49
XC187463_2813_2813.npy,21,65
XC187463_2814_2814.npy,21,65
XC187463_2815_2815.npy,21,65
XC187463_2816_2816.npy,21,65
XC187463_2817_2817.npy,21,65
XC187463_2818_2818.npy,21,65
XC187463_2819_2819.npy,21,65
XC187463_2820_2820.npy,21,65
XC187463_2821_2821.npy,21,65
XC187463_2822_2822.npy,21,65
XC187463_2823_2823.npy,21,65
XC187463_2824_2824.npy,21,65
XC187463_2825_2825.npy,21,65
XC187463_2826_2826.npy,21,65
XC187463_2827_2827.npy,21,65
XC187463_2828_2828.npy,21,65
XC187463_2829_2829.npy,21,65
XC187463_2830_2830.npy,21,65
XC187463_2831_2831.npy,21,65
XC187463_2832_2832.npy,21,65
XC187463_2833_2833.npy,21,65
XC187463_2834_2834.npy,21,65
XC187463_2835_2835.npy,21,65
XC187463_2836_2836.npy,21,65
XC187463_2837_2837.npy,21,65
XC187463_2838_2838.npy,21,65
XC195055_2839_2839.npy,21,145
XC195055_2840_2840.npy,21,145
XC200408_2841_2841.npy,21,65
XC200408_2842_2842.npy,21,65
XC288055_2843_2843.npy,21,8
XC288055_2844_2844.npy,21,8
XC288055_2845_2845.npy,21,8
XC288055_2846_2846.npy,21,8
XC288055_2847_2847.npy,21,8
XC288055_2848_2848.npy,21,8
XC288055_2849_2849.npy,21,8
XC288055_2850_2850.npy,21,8
XC288055_2851_2851.npy,21,8
XC288055_2852_2852.npy,21,8
XC288055_2853_2853.npy,21,8
XC288055_2854_2854.npy,21,8
XC288055_2855_2855.npy,21,8
XC288055_2856_2856.npy,21,8
XC288055_2857_2857.npy,21,8
XC288055_2858_2858.npy,21,8
XC288055_2859_2859.npy,21,8
XC288055_2860_2860.npy,21,8
XC288055_2861_2861.npy,21,8
XC288055_2862_2862.npy,21,8
XC288055_2863_2863.npy,21,8
XC288055_2864_2864.npy,21,8
XC288055_2865_2865.npy,21,8
XC288055_2866_2866.npy,21,8
XC288055_2867_2867.npy,21,8
XC295881_2868_2868.npy,21,64
XC295881_2869_2869.npy,21,64
XC295881_2870_2870.npy,21,64
XC295881_2871_2871.npy,21,64
XC295881_2872_2872.npy,21,64
XC299156_2873_2873.npy,21,64
XC299156_2874_2874.npy,21,64
XC299156_2875_2875.npy,21,64
XC313654_2876_2876.npy,21,32
XC313654_2877_2877.npy,21,32
XC313654_2878_2878.npy,21,32
XC313654_2879_2879.npy,21,32
XC313654_2880_2880.npy,21,32
XC313654_2881_2881.npy,21,32
XC32448_2882_2882.npy,21,133
XC32448_2883_2883.npy,21,133
XC32449_2884_2884.npy,21,133
XC369818_2885_2885.npy,21,70
XC369818_2886_2886.npy,21,70
XC369818_2887_2887.npy,21,70
XC423630_2888_2888.npy,21,114
XC423630_2889_2889.npy,21,114
XC423630_2890_2890.npy,21,114
XC423630_2891_2891.npy,21,114
XC423630_2892_2892.npy,21,114
XC423630_2893_2893.npy,21,114
XC434958_2894_2894.npy,21,158
XC434958_2895_2895.npy,21,158
XC434958_2896_2896.npy,21,158
XC48779_2897_2897.npy,21,122
XC48779_2898_2898.npy,21,122
XC48779_2899_2899.npy,21,122
XC48779_2900_2900.npy,21,122
XC112747_2901_2901.npy,10,133
XC112747_2902_2902.npy,10,133
XC112747_2903_2903.npy,10,133
XC112747_2904_2904.npy,10,133
XC112747_2905_2905.npy,10,133
XC112747_2906_2906.npy,10,133
XC112747_2907_2907.npy,10,133
XC124604_2908_2908.npy,10,55
XC124604_2909_2909.npy,10,55
XC124604_2910_2910.npy,10,55
XC124604_2911_2911.npy,10,55
XC124604_2912_2912.npy,10,55
XC124604_2913_2913.npy,10,55
XC124604_2914_2914.npy,10,55
XC124604_2915_2915.npy,10,55
XC124604_2916_2916.npy,10,55
XC166268_2917_2917.npy,10,15
XC166268_2918_2918.npy,10,15
XC166268_2919_2919.npy,10,15
XC166268_2920_2920.npy,10,15
XC166268_2921_2921.npy,10,15
XC176515_2922_2922.npy,10,49
XC176515_2923_2923.npy,10,49
XC200395_2924_2924.npy,10,65
XC200395_2925_2925.npy,10,65
XC200395_2926_2926.npy,10,65
XC200395_2927_2927.npy,10,65
XC200395_2928_2928.npy,10,65
XC200395_2929_2929.npy,10,65
XC229252_2930_2930.npy,10,92
XC229252_2931_2931.npy,10,92
XC229252_2932_2932.npy,10,92
XC229252_2933_2933.npy,10,92
XC229252_2934_2934.npy,10,92
XC229252_2935_2935.npy,10,92
XC229252_2936_2936.npy,10,92
XC294701_2937_2937.npy,10,49
XC294701_2938_2938.npy,10,49
XC294701_2939_2939.npy,10,49
XC294701_2940_2940.npy,10,49
XC295669_2941_2941.npy,10,64
XC295669_2942_2942.npy,10,64
XC295669_2943_2943.npy,10,64
XC361103_2944_2944.npy,10,133
XC361103_2945_2945.npy,10,133
XC361103_2946_2946.npy,10,133
XC361103_2947_2947.npy,10,133
XC361103_2948_2948.npy,10,133
XC361103_2949_2949.npy,10,133
XC385733_2950_2950.npy,10,167
XC385733_2951_2951.npy,10,167
XC385733_2952_2952.npy,10,167
XC385733_2953_2953.npy,10,167
XC385733_2954_2954.npy,10,167
XC385733_2955_2955.npy,10,167
XC385733_2956_2956.npy,10,167
XC385733_2957_2957.npy,10,167
XC387962_2958_2958.npy,10,26
XC387962_2959_2959.npy,10,26
XC387962_2960_2960.npy,10,26
XC387962_2961_2961.npy,10,26
XC387962_2962_2962.npy,10,26
XC396701_2963_2963.npy,10,70
XC396701_2964_2964.npy,10,70
XC396701_2965_2965.npy,10,70
XC396701_2966_2966.npy,10,70
XC396701_2967_2967.npy,10,70
XC396701_2968_2968.npy,10,70
XC396701_2969_2969.npy,10,70
XC396701_2970_2970.npy,10,70
XC396701_2971_2971.npy,10,70
XC396701_2972_2972.npy,10,70
XC396701_2973_2973.npy,10,70
XC396701_2974_2974.npy,10,70
XC396701_2975_2975.npy,10,70
XC396701_2976_2976.npy,10,70
XC396701_2977_2977.npy,10,70
XC396701_2978_2978.npy,10,70
XC396701_2979_2979.npy,10,70
XC396701_2980_2980.npy,10,70
XC396701_2981_2981.npy,10,70
XC396701_2982_2982.npy,10,70
XC396701_2983_2983.npy,10,70
XC417122_2984_2984.npy,10,170
XC417122_2985_2985.npy,10,170
XC417122_2986_2986.npy,10,170
XC417122_2987_2987.npy,10,170
XC417122_2988_2988.npy,10,170
XC417122_2989_2989.npy,10,170
XC486909_2990_2990.npy,10,70
XC486909_2991_2991.npy,10,70
XC486909_2992_2992.npy,10,70
XC486909_2993_2993.npy,10,70
XC486909_2994_2994.npy,10,70
XC486909_2995_2995.npy,10,70
XC486909_2996_2996.npy,10,70
XC486909_2997_2997.npy,10,70
XC486909_2998_2998.npy,10,70
XC486909_2999_2999.npy,10,70
XC486909_3000_3000.npy,10,70
XC114463_3001_3001.npy,28,94
XC114463_3002_3002.npy,28,94
XC114463_3003_3003.npy,28,94
XC114463_3004_3004.npy,28,94
XC114463_3005_3005.npy,28,94
XC114463_3006_3006.npy,28,94
XC133617_3007_3007.npy,28,144
XC133617_3008_3008.npy,28,144
XC133617_3009_3009.npy,28,144
XC133617_3010_3010.npy,28,144
XC133617_3011_3011.npy,28,144
XC133617_3012_3012.npy,28,144
XC133617_3013_3013.npy,28,144
XC141755_3014_3014.npy,28,52
XC141755_3015_3015.npy,28,52
XC147222_3016_3016.npy,28,142
XC147222_3017_3017.npy,28,142
XC147222_3018_3018.npy,28,142
XC147222_3019_3019.npy,28,142
XC166050_3020_3020.npy,28,101
XC166050_3021_3021.npy,28,101
XC166050_3022_3022.npy,28,101
XC166050_3023_3023.npy,28,101
XC179689_3024_3024.npy,28,77
XC179689_3025_3025.npy,28,77
XC179689_3026_3026.npy,28,77
XC179689_3027_3027.npy,28,77
XC187468_3028_3028.npy,28,65
XC187468_3029_3029.npy,28,65
XC187468_3030_3030.npy,28,65
XC187468_3031_3031.npy,28,65
XC187468_3032_3032.npy,28,65
XC187468_3033_3033.npy,28,65
XC187468_3034_3034.npy,28,65
XC187468_3035_3035.npy,28,65
XC187468_3036_3036.npy,28,65
XC187468_3037_3037.npy,28,65
XC187468_3038_3038.npy,28,65
XC187468_3039_3039.npy,28,65
XC204203_3040_3040.npy,28,108
XC204203_3041_3041.npy,28,108
XC204203_3042_3042.npy,28,108
XC204203_3043_3043.npy,28,108
XC204203_3044_3044.npy,28,108
XC204203_3045_3045.npy,28,108
XC204203_3046_3046.npy,28,108
XC204203_3047_3047.npy,28,108
XC204203_3048_3048.npy,28,108
XC204203_3049_3049.npy,28,108
XC204203_3050_3050.npy,28,108
XC204203_3051_3051.npy,28,108
XC204203_3052_3052.npy,28,108
XC204203_3053_3053.npy,28,108
XC204203_3054_3054.npy,28,108
XC204203_3055_3055.npy,28,108
XC204203_3056_3056.npy,28,108
XC204203_3057_3057.npy,28,108
XC204203_3058_3058.npy,28,108
XC204203_3059_3059.npy,28,108
XC212433_3060_3060.npy,28,64
XC212433_3061_3061.npy,28,64
XC212433_3062_3062.npy,28,64
XC212433_3063_3063.npy,28,64
XC212433_3064_3064.npy,28,64
XC212433_3065_3065.npy,28,64
XC212433_3066_3066.npy,28,64
XC253997_3067_3067.npy,28,4
XC253997_3068_3068.npy,28,4
XC253997_3069_3069.npy,28,4
XC253997_3070_3070.npy,28,4
XC253997_3071_3071.npy,28,4
XC253997_3072_3072.npy,28,4
XC253997_3073_3073.npy,28,4
XC253997_3074_3074.npy,28,4
XC253997_3075_3075.npy,28,4
XC253997_3076_3076.npy,28,4
XC253997_3077_3077.npy,28,4
XC254002_3078_3078.npy,28,4
XC254002_3079_3079.npy,28,4
XC254002_3080_3080.npy,28,4
XC254002_3081_3081.npy,28,4
XC254002_3082_3082.npy,28,4
XC254002_3083_3083.npy,28,4
XC254002_3084_3084.npy,28,4
XC254002_3085_3085.npy,28,4
XC254002_3086_3086.npy,28,4
XC255982_3087_3087.npy,28,115
XC255982_3088_3088.npy,28,115
XC255982_3089_3089.npy,28,115
XC255982_3090_3090.npy,28,115
XC283328_3091_3091.npy,28,92
XC283328_3092_3092.npy,28,92
XC283328_3093_3093.npy,28,92
XC283328_3094_3094.npy,28,92
XC283328_3095_3095.npy,28,92
XC283328_3096_3096.npy,28,92
XC283328_3097_3097.npy,28,92
XC283328_3098_3098.npy,28,92
XC283328_3099_3099.npy,28,92
XC283328_3100_3100.npy,28,92
