filename,class_id,author,species_segments
XC1540_0_0.png,22,107,96
XC1547_0_0.png,22,107,96
XC1562_0_0.png,22,107,96
XC29291_0_0.png,22,89,96
XC29292_0_0.png,22,89,96
XC29293_0_0.png,22,89,96
XC29294_0_0.png,22,89,96
XC29295_0_0.png,22,89,96
XC29297_0_0.png,22,89,96
XC29298_0_0.png,22,89,96
XC29299_0_0.png,22,89,96
XC29300_0_0.png,22,89,96
XC29301_0_0.png,22,89,96
XC345967_0_0.png,22,99,96
XC345968_0_0.png,22,99,96
XC391618_0_0.png,22,12,96
XC395079_0_0.png,22,67,96
XC399289_0_0.png,22,30,96
XC436521_0_0.png,22,103,96
XC461848_0_0.png,22,104,96
XC57009_0_0.png,22,81,96
XC57010_0_0.png,22,81,96
XC8973_0_0.png,22,85,96
XC150586_0_0.png,24,24,128
XC151239_0_0.png,24,24,128
XC241075_0_0.png,24,61,128
XC241079_0_0.png,24,61,128
XC2620_0_0.png,24,107,128
XC444477_0_0.png,24,104,128
XC559899_0_0.png,24,77,128
XC616635_0_0.png,24,52,128
XC233194_0_0.png,29,72,43
XC288278_0_0.png,29,43,43
XC32427_0_0.png,29,89,43
XC32428_0_0.png,29,89,43
XC442386_0_0.png,29,103,43
XC592932_0_0.png,29,77,43
XC610515_0_0.png,29,0,43
XC615115_0_0.png,29,57,43
XC114060_0_0.png,12,62,120
XC1708_0_0.png,12,107,120
XC288817_0_0.png,12,89,120
XC288940_0_0.png,12,4,120
XC288942_0_0.png,12,4,120
XC313640_0_0.png,12,19,120
XC32317_0_0.png,12,89,120
XC32318_0_0.png,12,89,120
XC444447_0_0.png,12,104,120
XC503466_0_0.png,12,89,120
XC210083_0_0.png,10,61,114
XC228605_0_0.png,10,10,114
XC308813_0_0.png,10,42,114
XC332778_0_0.png,10,84,114
XC351267_0_0.png,10,61,114
XC366208_0_0.png,10,16,114
XC368365_0_0.png,10,46,114
XC394268_0_0.png,10,86,114
XC394273_0_0.png,10,86,114
XC476201_0_0.png,10,55,114
XC503247_0_0.png,10,46,114
XC610840_0_0.png,10,101,114
XC82266_0_0.png,10,61,114
XC206619_0_0.png,14,96,43
XC359333_0_0.png,14,96,43
XC364277_0_0.png,14,16,43
XC447764_0_0.png,14,52,43
XC603961_0_0.png,14,88,43
XC604949_0_0.png,14,88,43
XC605293_0_0.png,14,96,43
XC1711_0_0.png,15,107,110
XC255550_0_0.png,15,73,110
XC255551_0_0.png,15,73,110
XC255552_0_0.png,15,73,110
XC255553_0_0.png,15,73,110
XC267908_0_0.png,15,72,110
XC32434_0_0.png,15,89,110
XC348809_0_0.png,15,24,110
XC358879_0_0.png,15,73,110
XC363931_0_0.png,15,72,110
XC192779_0_0.png,5,49,110
XC1950_0_0.png,5,107,110
XC299042_0_0.png,5,41,110
XC308565_0_0.png,5,42,110
XC364735_0_0.png,5,16,110
XC390938_0_0.png,5,12,110
XC549579_0_0.png,5,76,110
XC553369_0_0.png,5,76,110
XC553377_0_0.png,5,76,110
XC564636_0_0.png,5,76,110
XC584552_0_0.png,5,29,110
XC592536_0_0.png,5,77,110
XC592537_0_0.png,5,77,110
XC195454_0_0.png,0,30,107
XC195457_0_0.png,0,30,107
XC457359_0_0.png,0,89,107
XC457367_0_0.png,0,89,107
XC476264_0_0.png,0,46,107
XC499641_0_0.png,0,46,107
XC537826_0_0.png,0,46,107
XC603277_0_0.png,0,46,107
XC156959_0_0.png,17,96,407
XC195821_0_0.png,17,49,407
XC214240_0_0.png,17,61,407
XC214287_0_0.png,17,61,407
XC214288_0_0.png,17,61,407
XC2619_0_0.png,17,107,407
XC283064_0_0.png,17,19,407
XC32399_0_0.png,17,89,407
XC368992_0_0.png,17,46,407
XC369819_0_0.png,17,46,407
XC379152_0_0.png,17,11,407
XC38756_0_0.png,17,81,407
XC390834_0_0.png,17,46,407
XC390971_0_0.png,17,46,407
XC399512_0_0.png,17,89,407
XC503470_0_0.png,17,89,407
XC558883_0_0.png,17,77,407
XC584176_0_0.png,17,46,407
XC584986_0_0.png,17,26,407
XC84660_0_0.png,17,61,407
XC84661_0_0.png,17,61,407
XC112710_0_0.png,26,45,456
XC11540_0_0.png,26,85,456
XC1634_0_0.png,26,107,456
XC1641_0_0.png,26,107,456
XC1649_0_0.png,26,107,456
XC287701_0_0.png,26,4,456
XC295917_0_0.png,26,105,456
XC313652_0_0.png,26,19,456
XC32469_0_0.png,26,89,456
XC32515_0_0.png,26,89,456
XC344476_0_0.png,26,61,456
XC374375_0_0.png,26,22,456
XC379340_0_0.png,26,22,456
XC390314_0_0.png,26,12,456
XC396556_0_0.png,26,118,456
XC396605_0_0.png,26,118,456
XC396629_0_0.png,26,118,456
XC470090_0_0.png,26,22,456
XC504476_0_0.png,26,22,456
XC506163_0_0.png,26,89,456
XC508100_0_0.png,26,118,456
XC512739_0_0.png,26,46,456
XC571025_0_0.png,26,22,456
XC583623_0_0.png,26,22,456
XC583896_0_0.png,26,46,456
XC584990_0_0.png,26,57,456
XC585847_0_0.png,26,57,456
XC589883_0_0.png,26,77,456
XC592930_0_0.png,26,77,456
XC616064_0_0.png,26,57,456
XC114492_0_0.png,20,62,139
XC114493_0_0.png,20,62,139
XC1535_0_0.png,20,107,139
XC157401_0_0.png,20,10,139
XC1661_0_0.png,20,107,139
XC166272_0_0.png,20,10,139
XC1676_0_0.png,20,107,139
XC1677_0_0.png,20,107,139
XC179296_0_0.png,20,7,139
XC254520_0_0.png,20,61,139
XC29152_0_0.png,20,89,139
XC29154_0_0.png,20,89,139
XC29155_0_0.png,20,89,139
XC299048_0_0.png,20,41,139
XC361122_0_0.png,20,89,139
XC361124_0_0.png,20,89,139
XC365746_0_0.png,20,16,139
XC403832_0_0.png,20,59,139
XC474738_0_0.png,20,46,139
XC476260_0_0.png,20,46,139
XC479887_0_0.png,20,46,139
XC48543_0_0.png,20,81,139
XC48544_0_0.png,20,81,139
XC586509_0_0.png,20,46,139
XC586513_0_0.png,20,46,139
XC587327_0_0.png,20,46,139
XC587328_0_0.png,20,46,139
XC326071_0_0.png,21,41,80
XC361134_0_0.png,21,15,80
XC400309_0_0.png,21,64,80
XC419108_0_0.png,21,41,80
XC453966_0_0.png,21,104,80
XC465076_0_0.png,21,104,80
XC465433_0_0.png,21,96,80
XC506225_0_0.png,21,89,80
XC506234_0_0.png,21,89,80
XC617651_0_0.png,21,84,80
XC8974_0_0.png,21,85,80
XC14581_0_0.png,7,85,43
XC170466_0_0.png,7,10,43
XC196097_0_0.png,7,8,43
XC299076_0_0.png,7,41,43
XC32307_0_0.png,7,89,43
XC395322_0_0.png,7,67,43
XC175252_0_0.png,6,7,69
XC379137_0_0.png,6,11,69
XC511251_0_0.png,6,46,69
XC75569_0_0.png,6,27,69
XC325527_0_0.png,9,19,34
XC351272_0_0.png,9,61,34
XC415207_0_0.png,9,46,34
XC454053_0_0.png,9,96,34
XC591406_0_0.png,9,46,34
XC84982_0_0.png,9,61,34
XC19527_0_0.png,16,89,91
XC1953_0_0.png,16,107,91
XC214508_0_0.png,16,96,91
XC217495_0_0.png,16,96,91
XC29073_0_0.png,16,89,91
XC343909_0_0.png,16,86,91
XC48630_0_0.png,16,81,91
XC574591_0_0.png,16,46,91
XC607848_0_0.png,16,46,91
XC609188_0_0.png,16,0,91
XC84956_0_0.png,16,61,91
XC150915_0_0.png,4,95,285
XC157396_0_0.png,4,10,285
XC166263_0_0.png,4,10,285
XC166264_0_0.png,4,10,285
XC1702_0_0.png,4,107,285
XC19955_0_0.png,4,89,285
XC233193_0_0.png,4,72,285
XC244497_0_0.png,4,72,285
XC278513_0_0.png,4,96,285
XC278514_0_0.png,4,96,285
XC278519_0_0.png,4,96,285
XC283065_0_0.png,4,19,285
XC32193_0_0.png,4,89,285
XC32484_0_0.png,4,89,285
XC32485_0_0.png,4,89,285
XC358288_0_0.png,4,109,285
XC363103_0_0.png,4,16,285
XC364127_0_0.png,4,16,285
XC366774_0_0.png,4,8,285
XC368221_0_0.png,4,46,285
XC38761_0_0.png,4,81,285
XC398217_0_0.png,4,38,285
XC401684_0_0.png,4,72,285
XC404056_0_0.png,4,38,285
XC439071_0_0.png,4,96,285
XC441550_0_0.png,4,72,285
XC463584_0_0.png,4,104,285
XC572378_0_0.png,4,46,285
XC591280_0_0.png,4,46,285
XC82210_0_0.png,4,61,285
XC82216_0_0.png,4,61,285
XC145049_0_0.png,30,24,379
XC145437_0_0.png,30,24,379
XC153313_0_0.png,30,56,379
XC157433_0_0.png,30,23,379
XC166280_0_0.png,30,10,379
XC1725_0_0.png,30,107,379
XC1726_0_0.png,30,107,379
XC1837_0_0.png,30,107,379
XC200411_0_0.png,30,42,379
XC296155_0_0.png,30,105,379
XC32429_0_0.png,30,89,379
XC32499_0_0.png,30,89,379
XC355657_0_0.png,30,22,379
XC364125_0_0.png,30,16,379
XC369868_0_0.png,30,16,379
XC379153_0_0.png,30,11,379
XC379341_0_0.png,30,22,379
XC391056_0_0.png,30,46,379
XC396786_0_0.png,30,118,379
XC396871_0_0.png,30,118,379
XC397291_0_0.png,30,118,379
XC411741_0_0.png,30,16,379
XC413673_0_0.png,30,16,379
XC445086_0_0.png,30,114,379
XC466704_0_0.png,30,16,379
XC470206_0_0.png,30,16,379
XC470773_0_0.png,30,16,379
XC470880_0_0.png,30,16,379
XC48760_0_0.png,30,81,379
XC503481_0_0.png,30,89,379
XC506304_0_0.png,30,89,379
XC507275_0_0.png,30,89,379
XC521519_0_0.png,30,22,379
XC537782_0_0.png,30,28,379
XC537786_0_0.png,30,28,379
XC573562_0_0.png,30,46,379
XC575451_0_0.png,30,46,379
XC581009_0_0.png,30,22,379
XC590598_0_0.png,30,22,379
XC590599_0_0.png,30,22,379
XC603084_0_0.png,30,88,379
XC84817_0_0.png,30,61,379
XC1768_0_0.png,19,107,217
XC212725_0_0.png,19,89,217
XC212769_0_0.png,19,89,217
XC215722_0_0.png,19,61,217
XC32291_0_0.png,19,89,217
XC344621_0_0.png,19,61,217
XC345274_0_0.png,19,45,217
XC345707_0_0.png,19,11,217
XC366345_0_0.png,19,16,217
XC394278_0_0.png,19,86,217
XC394279_0_0.png,19,86,217
XC397656_0_0.png,19,118,217
XC47489_0_0.png,19,89,217
XC48762_0_0.png,19,81,217
XC573151_0_0.png,19,46,217
XC592030_0_0.png,19,77,217
XC607187_0_0.png,19,46,217
XC64186_0_0.png,19,65,217
XC84689_0_0.png,19,61,217
XC84694_0_0.png,19,61,217
XC84696_0_0.png,19,61,217
XC290057_0_0.png,11,50,61
XC32433_0_0.png,11,89,61
XC386313_0_0.png,11,110,61
XC461350_0_0.png,11,59,61
XC492621_0_0.png,11,22,61
XC583625_0_0.png,11,22,61
XC615107_0_0.png,11,80,61
XC1952_0_0.png,3,107,64
XC196528_0_0.png,3,49,64
XC351256_0_0.png,3,61,64
XC364817_0_0.png,3,16,64
XC368220_0_0.png,3,46,64
XC415739_0_0.png,3,46,64
XC561811_0_0.png,3,77,64
XC112712_0_0.png,1,89,61
XC112713_0_0.png,1,89,61
XC150916_0_0.png,1,95,61
XC150917_0_0.png,1,95,61
XC157391_0_0.png,1,10,61
XC1769_0_0.png,1,107,61
XC234335_0_0.png,1,96,61
XC288778_0_0.png,1,96,61
XC394644_0_0.png,1,46,61
XC394645_0_0.png,1,46,61
XC456241_0_0.png,1,104,61
XC16002_0_0.png,28,89,181
XC16003_0_0.png,28,89,181
XC216146_0_0.png,28,3,181
XC296138_0_0.png,28,105,181
XC343265_0_0.png,28,86,181
XC355326_0_0.png,28,46,181
XC374154_0_0.png,28,22,181
XC384669_0_0.png,28,22,181
XC384670_0_0.png,28,22,181
XC395335_0_0.png,28,67,181
XC396559_0_0.png,28,118,181
XC415812_0_0.png,28,16,181
XC415814_0_0.png,28,16,181
XC470214_0_0.png,28,16,181
XC47139_0_0.png,28,89,181
XC47141_0_0.png,28,89,181
XC475626_0_0.png,28,22,181
XC530225_0_0.png,28,98,181
XC546406_0_0.png,28,28,181
XC591188_0_0.png,28,87,181
XC591189_0_0.png,28,87,181
XC608627_0_0.png,28,0,181
XC150817_0_0.png,23,95,152
XC150890_0_0.png,23,95,152
XC182338_0_0.png,23,96,152
XC315727_0_0.png,23,10,152
XC340516_0_0.png,23,11,152
XC358161_0_0.png,23,109,152
XC365181_0_0.png,23,16,152
XC391110_0_0.png,23,72,152
XC395333_0_0.png,23,67,152
XC419109_0_0.png,23,41,152
XC508606_0_0.png,23,89,152
XC593146_0_0.png,23,77,152
XC64230_0_0.png,23,65,152
XC116655_0_0.png,13,96,135
XC1682_0_0.png,13,107,135
XC1683_0_0.png,13,107,135
XC173759_0_0.png,13,63,135
XC211770_0_0.png,13,96,135
XC32319_0_0.png,13,89,135
XC32320_0_0.png,13,89,135
XC32321_0_0.png,13,89,135
XC32322_0_0.png,13,89,135
XC355053_0_0.png,13,96,135
XC361108_0_0.png,13,89,135
XC391402_0_0.png,13,5,135
XC399501_0_0.png,13,89,135
XC452323_0_0.png,13,104,135
XC457388_0_0.png,13,89,135
XC503455_0_0.png,13,89,135
XC527368_0_0.png,13,79,135
XC1849_0_0.png,2,107,59
XC32477_0_0.png,2,89,59
XC361106_0_0.png,2,89,59
XC395316_0_0.png,2,72,59
XC395317_0_0.png,2,72,59
XC508612_0_0.png,2,89,59
XC176857_0_0.png,27,32,52
XC196769_0_0.png,27,96,52
XC212759_0_0.png,27,89,52
XC2633_0_0.png,27,107,52
XC32358_0_0.png,27,89,52
XC362789_0_0.png,27,72,52
XC567607_0_0.png,27,46,52
XC610607_0_0.png,27,0,52
XC82489_0_0.png,27,61,52
XC1550_0_0.png,18,107,155
XC1710_0_0.png,18,107,155
XC173760_0_0.png,18,63,155
XC187463_0_0.png,18,42,155
XC200408_0_0.png,18,42,155
XC288055_0_0.png,18,4,155
XC313654_0_0.png,18,19,155
XC32449_0_0.png,18,89,155
XC369818_0_0.png,18,46,155
XC379150_0_0.png,18,11,155
XC415777_0_0.png,18,59,155
XC434958_0_0.png,18,103,155
XC531592_0_0.png,18,46,155
XC592837_0_0.png,18,46,155
XC63838_0_0.png,18,65,155
XC112747_0_0.png,8,89,109
XC134166_0_0.png,8,117,109
XC166268_0_0.png,8,10,109
XC1697_0_0.png,8,107,109
XC229252_0_0.png,8,61,109
XC313905_0_0.png,8,96,109
XC361103_0_0.png,8,89,109
XC396701_0_0.png,8,46,109
XC486909_0_0.png,8,46,109
XC573792_0_0.png,8,46,109
XC608631_0_0.png,8,0,109
XC85194_0_0.png,8,61,109
XC85195_0_0.png,8,61,109
XC114463_0_0.png,25,62,193
XC187468_0_0.png,25,42,193
XC1957_0_0.png,25,107,193
XC204203_0_0.png,25,73,193
XC283328_0_0.png,25,61,193
XC289856_0_0.png,25,113,193
XC313637_0_0.png,25,19,193
XC32355_0_0.png,25,89,193
XC32356_0_0.png,25,89,193
XC32357_0_0.png,25,89,193
XC361117_0_0.png,25,89,193
XC461346_0_0.png,25,59,193
XC470185_0_0.png,25,111,193
XC473675_0_0.png,25,46,193
XC492896_0_0.png,25,46,193
XC504468_0_0.png,25,4,193
XC507872_0_0.png,25,59,193
XC548396_0_0.png,25,46,193
XC592835_0_0.png,25,46,193
XC610513_0_0.png,25,101,193
XC81740_0_0.png,25,61,193
XC1540_1_1.png,22,107,96
XC1547_1_1.png,22,107,96
XC1564_1_1.png,22,107,96
XC29297_1_1.png,22,89,96
XC29301_1_1.png,22,89,96
XC345967_1_1.png,22,99,96
XC345968_1_1.png,22,99,96
XC391618_1_1.png,22,12,96
XC395079_1_1.png,22,67,96
XC399287_1_1.png,22,30,96
XC399289_1_1.png,22,30,96
XC436521_1_1.png,22,103,96
XC461848_1_1.png,22,104,96
XC57009_1_1.png,22,81,96
XC57010_1_1.png,22,81,96
XC8973_1_1.png,22,85,96
XC241075_1_1.png,24,61,128
XC241079_1_1.png,24,61,128
XC2620_1_1.png,24,107,128
XC414684_1_1.png,24,46,128
XC444477_1_1.png,24,104,128
XC559899_1_1.png,24,77,128
XC616635_1_1.png,24,52,128
XC80114_1_1.png,24,61,128
XC214834_1_1.png,29,10,43
XC233194_1_1.png,29,72,43
XC32427_1_1.png,29,89,43
XC32428_1_1.png,29,89,43
XC442386_1_1.png,29,103,43
XC592932_1_1.png,29,77,43
XC114060_1_1.png,12,62,120
XC288817_1_1.png,12,89,120
XC288823_1_1.png,12,89,120
XC288940_1_1.png,12,4,120
XC288942_1_1.png,12,4,120
XC313640_1_1.png,12,19,120
XC32317_1_1.png,12,89,120
XC444447_1_1.png,12,104,120
XC453998_1_1.png,12,104,120
XC469645_1_1.png,12,104,120
XC503466_1_1.png,12,89,120
XC506231_1_1.png,12,89,120
XC228605_1_1.png,10,10,114
XC308813_1_1.png,10,42,114
XC332778_1_1.png,10,84,114
XC351267_1_1.png,10,61,114
XC366208_1_1.png,10,16,114
XC368365_1_1.png,10,46,114
XC394268_1_1.png,10,86,114
XC394273_1_1.png,10,86,114
XC476201_1_1.png,10,55,114
XC503247_1_1.png,10,46,114
XC581963_1_1.png,10,46,114
XC82266_1_1.png,10,61,114
XC206619_1_1.png,14,96,43
XC216377_1_1.png,14,96,43
XC359333_1_1.png,14,96,43
XC364277_1_1.png,14,16,43
XC365172_1_1.png,14,96,43
XC447764_1_1.png,14,52,43
XC589881_1_1.png,14,77,43
XC604949_1_1.png,14,88,43
XC605293_1_1.png,14,96,43
XC610620_1_1.png,14,0,43
XC255550_1_1.png,15,73,110
XC255553_1_1.png,15,73,110
XC32434_1_1.png,15,89,110
XC348809_1_1.png,15,24,110
XC358879_1_1.png,15,73,110
XC192779_1_1.png,5,49,110
XC1950_1_1.png,5,107,110
XC299042_1_1.png,5,41,110
XC308565_1_1.png,5,42,110
XC364735_1_1.png,5,16,110
XC390938_1_1.png,5,12,110
XC391504_1_1.png,5,12,110
XC391548_1_1.png,5,60,110
XC549579_1_1.png,5,76,110
XC553369_1_1.png,5,76,110
XC553377_1_1.png,5,76,110
XC564636_1_1.png,5,76,110
XC584552_1_1.png,5,29,110
XC187470_1_1.png,0,42,107
XC195454_1_1.png,0,30,107
XC457359_1_1.png,0,89,107
XC457367_1_1.png,0,89,107
XC461359_1_1.png,0,59,107
XC476264_1_1.png,0,46,107
XC499641_1_1.png,0,46,107
XC537826_1_1.png,0,46,107
XC603277_1_1.png,0,46,107
XC156959_1_1.png,17,96,407
XC195821_1_1.png,17,49,407
XC195822_1_1.png,17,49,407
XC214240_1_1.png,17,61,407
XC214287_1_1.png,17,61,407
XC214290_1_1.png,17,61,407
XC283064_1_1.png,17,19,407
XC32399_1_1.png,17,89,407
XC368992_1_1.png,17,46,407
XC369819_1_1.png,17,46,407
XC379152_1_1.png,17,11,407
XC38756_1_1.png,17,81,407
XC390834_1_1.png,17,46,407
XC390971_1_1.png,17,46,407
XC412572_1_1.png,17,46,407
XC415201_1_1.png,17,46,407
XC558883_1_1.png,17,77,407
XC584176_1_1.png,17,46,407
XC584986_1_1.png,17,26,407
XC592024_1_1.png,17,77,407
XC84660_1_1.png,17,61,407
XC84661_1_1.png,17,61,407
XC112710_1_1.png,26,45,456
XC11540_1_1.png,26,85,456
XC1634_1_1.png,26,107,456
XC1649_1_1.png,26,107,456
XC287701_1_1.png,26,4,456
XC288822_1_1.png,26,89,456
XC295917_1_1.png,26,105,456
XC32469_1_1.png,26,89,456
XC32515_1_1.png,26,89,456
XC331308_1_1.png,26,43,456
XC344476_1_1.png,26,61,456
XC374375_1_1.png,26,22,456
XC386603_1_1.png,26,22,456
XC390314_1_1.png,26,12,456
XC394535_1_1.png,26,46,456
XC396605_1_1.png,26,118,456
XC436871_1_1.png,26,22,456
XC470090_1_1.png,26,22,456
XC498637_1_1.png,26,22,456
XC504476_1_1.png,26,22,456
XC506163_1_1.png,26,89,456
XC508100_1_1.png,26,118,456
XC571025_1_1.png,26,22,456
XC583896_1_1.png,26,46,456
XC584990_1_1.png,26,57,456
XC585847_1_1.png,26,57,456
XC590604_1_1.png,26,22,456
XC590622_1_1.png,26,22,456
XC590623_1_1.png,26,22,456
XC592930_1_1.png,26,77,456
XC616064_1_1.png,26,57,456
XC616065_1_1.png,26,115,456
XC114492_1_1.png,20,62,139
XC114493_1_1.png,20,62,139
XC157401_1_1.png,20,10,139
XC1661_1_1.png,20,107,139
XC166272_1_1.png,20,10,139
XC1676_1_1.png,20,107,139
XC29155_1_1.png,20,89,139
XC299048_1_1.png,20,41,139
XC361122_1_1.png,20,89,139
XC361124_1_1.png,20,89,139
XC365746_1_1.png,20,16,139
XC474738_1_1.png,20,46,139
XC479887_1_1.png,20,46,139
XC48543_1_1.png,20,81,139
XC48544_1_1.png,20,81,139
XC592804_1_1.png,20,77,139
XC326071_1_1.png,21,41,80
XC339554_1_1.png,21,34,80
XC361134_1_1.png,21,15,80
XC400309_1_1.png,21,64,80
XC419108_1_1.png,21,41,80
XC453966_1_1.png,21,104,80
XC465076_1_1.png,21,104,80
XC465433_1_1.png,21,96,80
XC506225_1_1.png,21,89,80
XC506234_1_1.png,21,89,80
XC617651_1_1.png,21,84,80
XC14581_1_1.png,7,85,43
XC170466_1_1.png,7,10,43
XC196097_1_1.png,7,8,43
XC299076_1_1.png,7,41,43
XC32307_1_1.png,7,89,43
XC175252_1_1.png,6,7,69
XC279107_1_1.png,6,73,69
XC379137_1_1.png,6,11,69
XC511251_1_1.png,6,46,69
XC585003_1_1.png,6,46,69
XC75569_1_1.png,6,27,69
XC325527_1_1.png,9,19,34
XC351272_1_1.png,9,61,34
XC415207_1_1.png,9,46,34
XC454053_1_1.png,9,96,34
XC456587_1_1.png,9,104,34
XC591406_1_1.png,9,46,34
XC19527_1_1.png,16,89,91
XC214508_1_1.png,16,96,91
XC217495_1_1.png,16,96,91
XC29073_1_1.png,16,89,91
XC343909_1_1.png,16,86,91
XC574591_1_1.png,16,46,91
XC607848_1_1.png,16,46,91
XC609188_1_1.png,16,0,91
XC85409_1_1.png,16,61,91
XC157396_1_1.png,4,10,285
XC166263_1_1.png,4,10,285
XC166264_1_1.png,4,10,285
XC1702_1_1.png,4,107,285
XC19955_1_1.png,4,89,285
XC233193_1_1.png,4,72,285
XC278519_1_1.png,4,96,285
XC283065_1_1.png,4,19,285
XC32485_1_1.png,4,89,285
XC358288_1_1.png,4,109,285
XC364127_1_1.png,4,16,285
XC368221_1_1.png,4,46,285
XC398217_1_1.png,4,38,285
XC401684_1_1.png,4,72,285
XC404056_1_1.png,4,38,285
XC439071_1_1.png,4,96,285
XC441550_1_1.png,4,72,285
XC463584_1_1.png,4,104,285
XC572378_1_1.png,4,46,285
XC591280_1_1.png,4,46,285
XC63350_1_1.png,4,65,285
XC82210_1_1.png,4,61,285
XC82216_1_1.png,4,61,285
XC112733_1_1.png,30,25,379
XC145049_1_1.png,30,24,379
XC145437_1_1.png,30,24,379
XC153313_1_1.png,30,56,379
XC157433_1_1.png,30,23,379
XC166280_1_1.png,30,10,379
XC1725_1_1.png,30,107,379
XC1726_1_1.png,30,107,379
XC202064_1_1.png,30,50,379
XC212745_1_1.png,30,89,379
XC32429_1_1.png,30,89,379
XC32499_1_1.png,30,89,379
XC379153_1_1.png,30,11,379
XC379341_1_1.png,30,22,379
XC390322_1_1.png,30,12,379
XC396786_1_1.png,30,118,379
XC397291_1_1.png,30,118,379
XC413634_1_1.png,30,16,379
XC414017_1_1.png,30,16,379
XC445086_1_1.png,30,114,379
XC470206_1_1.png,30,16,379
XC470773_1_1.png,30,16,379
XC470880_1_1.png,30,16,379
XC48760_1_1.png,30,81,379
XC498642_1_1.png,30,22,379
XC503481_1_1.png,30,89,379
XC507275_1_1.png,30,89,379
XC521491_1_1.png,30,22,379
XC537782_1_1.png,30,28,379
XC537786_1_1.png,30,28,379
XC573562_1_1.png,30,46,379
XC575451_1_1.png,30,46,379
XC581009_1_1.png,30,22,379
XC590598_1_1.png,30,22,379
XC590599_1_1.png,30,22,379
XC590600_1_1.png,30,22,379
XC212725_1_1.png,19,89,217
XC212769_1_1.png,19,89,217
XC215722_1_1.png,19,61,217
XC344621_1_1.png,19,61,217
XC345707_1_1.png,19,11,217
XC366345_1_1.png,19,16,217
XC394278_1_1.png,19,86,217
XC394279_1_1.png,19,86,217
XC48762_1_1.png,19,81,217
XC573151_1_1.png,19,46,217
XC592030_1_1.png,19,77,217
XC607187_1_1.png,19,46,217
XC64186_1_1.png,19,65,217
XC84694_1_1.png,19,61,217
XC84696_1_1.png,19,61,217
XC32433_1_1.png,11,89,61
XC461350_1_1.png,11,59,61
XC583625_1_1.png,11,22,61
XC615107_1_1.png,11,80,61
XC1952_1_1.png,3,107,64
XC196528_1_1.png,3,49,64
XC211852_1_1.png,3,61,64
XC368220_1_1.png,3,46,64
XC415739_1_1.png,3,46,64
XC561811_1_1.png,3,77,64
XC112712_1_1.png,1,89,61
XC112713_1_1.png,1,89,61
XC150916_1_1.png,1,95,61
XC157391_1_1.png,1,10,61
XC1769_1_1.png,1,107,61
XC288778_1_1.png,1,96,61
XC394644_1_1.png,1,46,61
XC394645_1_1.png,1,46,61
XC456241_1_1.png,1,104,61
XC16002_1_1.png,28,89,181
XC16003_1_1.png,28,89,181
XC216146_1_1.png,28,3,181
XC296138_1_1.png,28,105,181
XC343265_1_1.png,28,86,181
XC355326_1_1.png,28,46,181
XC361137_1_1.png,28,89,181
XC374154_1_1.png,28,22,181
XC384670_1_1.png,28,22,181
XC395335_1_1.png,28,67,181
XC396559_1_1.png,28,118,181
XC415863_1_1.png,28,16,181
XC439642_1_1.png,28,22,181
XC47139_1_1.png,28,89,181
XC47141_1_1.png,28,89,181
XC475609_1_1.png,28,22,181
XC534168_1_1.png,28,28,181
XC591189_1_1.png,28,87,181
XC591190_1_1.png,28,87,181
XC608627_1_1.png,28,0,181
XC182338_1_1.png,23,96,152
XC315727_1_1.png,23,10,152
XC340516_1_1.png,23,11,152
XC365181_1_1.png,23,16,152
XC419109_1_1.png,23,41,152
XC443799_1_1.png,23,72,152
XC508606_1_1.png,23,89,152
XC593146_1_1.png,23,77,152
XC64230_1_1.png,23,65,152
XC116655_1_1.png,13,96,135
XC1682_1_1.png,13,107,135
XC1683_1_1.png,13,107,135
XC173759_1_1.png,13,63,135
XC211770_1_1.png,13,96,135
XC32319_1_1.png,13,89,135
XC32320_1_1.png,13,89,135
XC32322_1_1.png,13,89,135
XC355053_1_1.png,13,96,135
XC361108_1_1.png,13,89,135
XC391402_1_1.png,13,5,135
XC399501_1_1.png,13,89,135
XC452323_1_1.png,13,104,135
XC457388_1_1.png,13,89,135
XC503455_1_1.png,13,89,135
XC527368_1_1.png,13,79,135
XC1849_1_1.png,2,107,59
XC32477_1_1.png,2,89,59
XC361106_1_1.png,2,89,59
XC395316_1_1.png,2,72,59
XC395317_1_1.png,2,72,59
XC508612_1_1.png,2,89,59
XC176857_1_1.png,27,32,52
XC196769_1_1.png,27,96,52
XC2633_1_1.png,27,107,52
XC32358_1_1.png,27,89,52
XC362789_1_1.png,27,72,52
XC567607_1_1.png,27,46,52
XC610607_1_1.png,27,0,52
XC1550_1_1.png,18,107,155
XC173760_1_1.png,18,63,155
XC195055_1_1.png,18,96,155
XC200408_1_1.png,18,42,155
XC288055_1_1.png,18,4,155
XC32448_1_1.png,18,89,155
XC434958_1_1.png,18,103,155
XC48779_1_1.png,18,81,155
XC531592_1_1.png,18,46,155
XC592837_1_1.png,18,46,155
XC63838_1_1.png,18,65,155
XC112747_1_1.png,8,89,109
XC134166_1_1.png,8,117,109
XC166268_1_1.png,8,10,109
XC200395_1_1.png,8,42,109
XC313905_1_1.png,8,96,109
XC361103_1_1.png,8,89,109
XC396701_1_1.png,8,46,109
XC486909_1_1.png,8,46,109
XC573792_1_1.png,8,46,109
XC608631_1_1.png,8,0,109
XC85194_1_1.png,8,61,109
XC85195_1_1.png,8,61,109
XC114463_1_1.png,25,62,193
XC147222_1_1.png,25,94,193
XC187468_1_1.png,25,42,193
XC1957_1_1.png,25,107,193
XC204203_1_1.png,25,73,193
XC289856_1_1.png,25,113,193
XC313637_1_1.png,25,19,193
XC32355_1_1.png,25,89,193
XC32356_1_1.png,25,89,193
XC32357_1_1.png,25,89,193
XC361117_1_1.png,25,89,193
XC470185_1_1.png,25,111,193
XC492896_1_1.png,25,46,193
XC504468_1_1.png,25,4,193
XC507872_1_1.png,25,59,193
XC592835_1_1.png,25,46,193
XC81740_1_1.png,25,61,193
XC1540_2_2.png,22,107,96
XC1547_2_2.png,22,107,96
XC1564_2_2.png,22,107,96
XC345967_2_2.png,22,99,96
XC345968_2_2.png,22,99,96
XC391618_2_2.png,22,12,96
XC395079_2_2.png,22,67,96
XC399287_2_2.png,22,30,96
XC399289_2_2.png,22,30,96
XC57010_2_2.png,22,81,96
XC8973_2_2.png,22,85,96
XC151239_2_2.png,24,24,128
XC241075_2_2.png,24,61,128
XC241079_2_2.png,24,61,128
XC616635_2_2.png,24,52,128
XC233194_2_2.png,29,72,43
XC288278_2_2.png,29,43,43
XC32427_2_2.png,29,89,43
XC442386_2_2.png,29,103,43
XC592932_2_2.png,29,77,43
XC610515_2_2.png,29,0,43
XC114060_2_2.png,12,62,120
XC288817_2_2.png,12,89,120
XC288940_2_2.png,12,4,120
XC288942_2_2.png,12,4,120
XC313640_2_2.png,12,19,120
XC32317_2_2.png,12,89,120
XC444447_2_2.png,12,104,120
XC453998_2_2.png,12,104,120
XC469645_2_2.png,12,104,120
XC48295_2_2.png,12,81,120
XC503466_2_2.png,12,89,120
XC506231_2_2.png,12,89,120
XC210083_2_2.png,10,61,114
XC228605_2_2.png,10,10,114
XC351267_2_2.png,10,61,114
XC366208_2_2.png,10,16,114
XC368365_2_2.png,10,46,114
XC394268_2_2.png,10,86,114
XC476201_2_2.png,10,55,114
XC503247_2_2.png,10,46,114
XC581963_2_2.png,10,46,114
XC82266_2_2.png,10,61,114
XC359333_2_2.png,14,96,43
XC364277_2_2.png,14,16,43
XC255550_2_2.png,15,73,110
XC255553_2_2.png,15,73,110
XC267908_2_2.png,15,72,110
XC32434_2_2.png,15,89,110
XC348809_2_2.png,15,24,110
XC358879_2_2.png,15,73,110
XC363931_2_2.png,15,72,110
XC1950_2_2.png,5,107,110
XC299042_2_2.png,5,41,110
XC390938_2_2.png,5,12,110
XC391504_2_2.png,5,12,110
XC391548_2_2.png,5,60,110
XC549579_2_2.png,5,76,110
XC553377_2_2.png,5,76,110
XC586408_2_2.png,5,76,110
XC592536_2_2.png,5,77,110
XC592537_2_2.png,5,77,110
XC195454_2_2.png,0,30,107
XC457359_2_2.png,0,89,107
XC476264_2_2.png,0,46,107
XC499641_2_2.png,0,46,107
XC537826_2_2.png,0,46,107
XC603277_2_2.png,0,46,107
XC214288_2_2.png,17,61,407
XC214290_2_2.png,17,61,407
XC2619_2_2.png,17,107,407
XC283064_2_2.png,17,19,407
XC32399_2_2.png,17,89,407
XC368992_2_2.png,17,46,407
XC369819_2_2.png,17,46,407
XC379152_2_2.png,17,11,407
XC38756_2_2.png,17,81,407
XC390834_2_2.png,17,46,407
XC390971_2_2.png,17,46,407
XC394358_2_2.png,17,46,407
XC399512_2_2.png,17,89,407
XC412572_2_2.png,17,46,407
XC415201_2_2.png,17,46,407
XC503470_2_2.png,17,89,407
XC558883_2_2.png,17,77,407
XC558884_2_2.png,17,77,407
XC584176_2_2.png,17,46,407
XC584986_2_2.png,17,26,407
XC592024_2_2.png,17,77,407
XC84660_2_2.png,17,61,407
XC84661_2_2.png,17,61,407
XC112710_2_2.png,26,45,456
XC11540_2_2.png,26,85,456
XC1634_2_2.png,26,107,456
XC1641_2_2.png,26,107,456
XC287701_2_2.png,26,4,456
XC288822_2_2.png,26,89,456
XC313652_2_2.png,26,19,456
XC32469_2_2.png,26,89,456
XC331308_2_2.png,26,43,456
XC374375_2_2.png,26,22,456
XC390314_2_2.png,26,12,456
XC394535_2_2.png,26,46,456
XC396605_2_2.png,26,118,456
XC396629_2_2.png,26,118,456
XC436871_2_2.png,26,22,456
XC470090_2_2.png,26,22,456
XC504476_2_2.png,26,22,456
XC506163_2_2.png,26,89,456
XC508100_2_2.png,26,118,456
XC583621_2_2.png,26,22,456
XC583623_2_2.png,26,22,456
XC583896_2_2.png,26,46,456
XC589030_2_2.png,26,46,456
XC589883_2_2.png,26,77,456
XC590604_2_2.png,26,22,456
XC590622_2_2.png,26,22,456
XC590623_2_2.png,26,22,456
XC616065_2_2.png,26,115,456
XC114492_2_2.png,20,62,139
XC114493_2_2.png,20,62,139
XC157401_2_2.png,20,10,139
XC1661_2_2.png,20,107,139
XC1676_2_2.png,20,107,139
XC299048_2_2.png,20,41,139
XC361122_2_2.png,20,89,139
XC361124_2_2.png,20,89,139
XC365746_2_2.png,20,16,139
XC48543_2_2.png,20,81,139
XC48544_2_2.png,20,81,139
XC326071_2_2.png,21,41,80
XC361134_2_2.png,21,15,80
XC419108_2_2.png,21,41,80
XC453966_2_2.png,21,104,80
XC465076_2_2.png,21,104,80
XC506225_2_2.png,21,89,80
XC506234_2_2.png,21,89,80
XC617651_2_2.png,21,84,80
XC8974_2_2.png,21,85,80
XC14581_2_2.png,7,85,43
XC196097_2_2.png,7,8,43
XC299076_2_2.png,7,41,43
XC32307_2_2.png,7,89,43
XC395322_2_2.png,7,67,43
XC175252_2_2.png,6,7,69
XC279107_2_2.png,6,73,69
XC511251_2_2.png,6,46,69
XC75569_2_2.png,6,27,69
XC415207_2_2.png,9,46,34
XC454053_2_2.png,9,96,34
XC591406_2_2.png,9,46,34
XC1953_2_2.png,16,107,91
XC214508_2_2.png,16,96,91
XC29073_2_2.png,16,89,91
XC343909_2_2.png,16,86,91
XC48630_2_2.png,16,81,91
XC574591_2_2.png,16,46,91
XC609188_2_2.png,16,0,91
XC85409_2_2.png,16,61,91
XC150915_2_2.png,4,95,285
XC157396_2_2.png,4,10,285
XC1702_2_2.png,4,107,285
XC19955_2_2.png,4,89,285
XC233193_2_2.png,4,72,285
XC244497_2_2.png,4,72,285
XC278513_2_2.png,4,96,285
XC32484_2_2.png,4,89,285
XC363103_2_2.png,4,16,285
XC364127_2_2.png,4,16,285
XC368221_2_2.png,4,46,285
XC398217_2_2.png,4,38,285
XC439071_2_2.png,4,96,285
XC441550_2_2.png,4,72,285
XC463584_2_2.png,4,104,285
XC572378_2_2.png,4,46,285
XC591280_2_2.png,4,46,285
XC63350_2_2.png,4,65,285
XC82210_2_2.png,4,61,285
XC82216_2_2.png,4,61,285
XC145049_2_2.png,30,24,379
XC200411_2_2.png,30,42,379
XC202064_2_2.png,30,50,379
XC212745_2_2.png,30,89,379
XC296155_2_2.png,30,105,379
XC32499_2_2.png,30,89,379
XC355657_2_2.png,30,22,379
XC369868_2_2.png,30,16,379
XC379153_2_2.png,30,11,379
XC391056_2_2.png,30,46,379
XC396786_2_2.png,30,118,379
XC396871_2_2.png,30,118,379
XC397291_2_2.png,30,118,379
XC411741_2_2.png,30,16,379
XC413673_2_2.png,30,16,379
XC414017_2_2.png,30,16,379
XC445086_2_2.png,30,114,379
XC470206_2_2.png,30,16,379
XC470880_2_2.png,30,16,379
XC48760_2_2.png,30,81,379
XC48761_2_2.png,30,81,379
XC498642_2_2.png,30,22,379
XC1768_2_2.png,19,107,217
XC212725_2_2.png,19,89,217
XC212769_2_2.png,19,89,217
XC32291_2_2.png,19,89,217
XC344621_2_2.png,19,61,217
XC366345_2_2.png,19,16,217
XC394278_2_2.png,19,86,217
XC394279_2_2.png,19,86,217
XC397656_2_2.png,19,118,217
XC458984_2_2.png,19,22,217
XC47489_2_2.png,19,89,217
XC48762_2_2.png,19,81,217
XC573151_2_2.png,19,46,217
XC592030_2_2.png,19,77,217
XC607187_2_2.png,19,46,217
XC64186_2_2.png,19,65,217
XC84689_2_2.png,19,61,217
XC84694_2_2.png,19,61,217
XC84696_2_2.png,19,61,217
XC290057_2_2.png,11,50,61
XC32433_2_2.png,11,89,61
XC461350_2_2.png,11,59,61
XC492620_2_2.png,11,22,61
XC1952_2_2.png,3,107,64
XC196528_2_2.png,3,49,64
XC211852_2_2.png,3,61,64
XC351256_2_2.png,3,61,64
XC364817_2_2.png,3,16,64
XC368220_2_2.png,3,46,64
XC561811_2_2.png,3,77,64
XC112712_2_2.png,1,89,61
XC112713_2_2.png,1,89,61
XC150916_2_2.png,1,95,61
XC150917_2_2.png,1,95,61
XC1769_2_2.png,1,107,61
XC394644_2_2.png,1,46,61
XC394645_2_2.png,1,46,61
XC16003_2_2.png,28,89,181
XC216146_2_2.png,28,3,181
XC343265_2_2.png,28,86,181
XC355326_2_2.png,28,46,181
XC361137_2_2.png,28,89,181
XC374154_2_2.png,28,22,181
XC395335_2_2.png,28,67,181
XC396559_2_2.png,28,118,181
XC415814_2_2.png,28,16,181
XC415863_2_2.png,28,16,181
XC439642_2_2.png,28,22,181
XC47139_2_2.png,28,89,181
XC475609_2_2.png,28,22,181
XC475624_2_2.png,28,22,181
XC489125_2_2.png,28,22,181
XC534308_2_2.png,28,28,181
XC540445_2_2.png,28,28,181
XC546406_2_2.png,28,28,181
XC591189_2_2.png,28,87,181
XC591190_2_2.png,28,87,181
XC150817_2_2.png,23,95,152
XC150890_2_2.png,23,95,152
XC182338_2_2.png,23,96,152
XC340515_2_2.png,23,11,152
XC340516_2_2.png,23,11,152
XC358161_2_2.png,23,109,152
XC365181_2_2.png,23,16,152
XC391110_2_2.png,23,72,152
XC443799_2_2.png,23,72,152
XC508606_2_2.png,23,89,152
XC593146_2_2.png,23,77,152
XC64230_2_2.png,23,65,152
XC116655_2_2.png,13,96,135
XC1682_2_2.png,13,107,135
XC173759_2_2.png,13,63,135
XC211770_2_2.png,13,96,135
XC32320_2_2.png,13,89,135
XC32322_2_2.png,13,89,135
XC355053_2_2.png,13,96,135
XC391402_2_2.png,13,5,135
XC399501_2_2.png,13,89,135
XC457388_2_2.png,13,89,135
XC503455_2_2.png,13,89,135
XC527368_2_2.png,13,79,135
XC32477_2_2.png,2,89,59
XC361106_2_2.png,2,89,59
XC395316_2_2.png,2,72,59
XC395317_2_2.png,2,72,59
XC508612_2_2.png,2,89,59
XC176857_2_2.png,27,32,52
XC2633_2_2.png,27,107,52
XC362789_2_2.png,27,72,52
XC567607_2_2.png,27,46,52
XC82489_2_2.png,27,61,52
XC1550_2_2.png,18,107,155
XC166920_2_2.png,18,10,155
XC1710_2_2.png,18,107,155
XC173760_2_2.png,18,63,155
XC187463_2_2.png,18,42,155
XC288055_2_2.png,18,4,155
XC48779_2_2.png,18,81,155
XC592837_2_2.png,18,46,155
XC112747_2_2.png,8,89,109
XC134166_2_2.png,8,117,109
XC166268_2_2.png,8,10,109
XC1697_2_2.png,8,107,109
XC200395_2_2.png,8,42,109
XC229252_2_2.png,8,61,109
XC313905_2_2.png,8,96,109
XC361103_2_2.png,8,89,109
XC396701_2_2.png,8,46,109
XC486909_2_2.png,8,46,109
XC573792_2_2.png,8,46,109
XC85195_2_2.png,8,61,109
XC114463_2_2.png,25,62,193
XC147222_2_2.png,25,94,193
XC187468_2_2.png,25,42,193
XC1957_2_2.png,25,107,193
XC204203_2_2.png,25,73,193
XC283328_2_2.png,25,61,193
XC289856_2_2.png,25,113,193
XC313637_2_2.png,25,19,193
XC32355_2_2.png,25,89,193
XC32356_2_2.png,25,89,193
XC32357_2_2.png,25,89,193
XC361117_2_2.png,25,89,193
XC492896_2_2.png,25,46,193
XC504468_2_2.png,25,4,193
XC592835_2_2.png,25,46,193
XC81740_2_2.png,25,61,193
XC1540_3_3.png,22,107,96
XC1547_3_3.png,22,107,96
XC1564_3_3.png,22,107,96
XC345967_3_3.png,22,99,96
XC391618_3_3.png,22,12,96
XC395079_3_3.png,22,67,96
XC436521_3_3.png,22,103,96
XC57010_3_3.png,22,81,96
XC241075_3_3.png,24,61,128
XC559899_3_3.png,24,77,128
XC233194_3_3.png,29,72,43
XC442386_3_3.png,29,103,43
XC592932_3_3.png,29,77,43
XC610515_3_3.png,29,0,43
XC114060_3_3.png,12,62,120
XC288817_3_3.png,12,89,120
XC288940_3_3.png,12,4,120
XC288942_3_3.png,12,4,120
XC313640_3_3.png,12,19,120
XC444447_3_3.png,12,104,120
XC453998_3_3.png,12,104,120
XC469645_3_3.png,12,104,120
XC48295_3_3.png,12,81,120
XC503466_3_3.png,12,89,120
XC366208_3_3.png,10,16,114
XC368365_3_3.png,10,46,114
XC393684_3_3.png,10,86,114
XC394268_3_3.png,10,86,114
XC476201_3_3.png,10,55,114
XC503247_3_3.png,10,46,114
XC581963_3_3.png,10,46,114
XC359333_3_3.png,14,96,43
XC364277_3_3.png,14,16,43
XC255550_3_3.png,15,73,110
XC255553_3_3.png,15,73,110
XC267908_3_3.png,15,72,110
XC32434_3_3.png,15,89,110
XC358879_3_3.png,15,73,110
XC1950_3_3.png,5,107,110
XC299042_3_3.png,5,41,110
XC308565_3_3.png,5,42,110
XC391504_3_3.png,5,12,110
XC391548_3_3.png,5,60,110
XC553377_3_3.png,5,76,110
XC586408_3_3.png,5,76,110
XC592537_3_3.png,5,77,110
XC187470_3_3.png,0,42,107
XC195454_3_3.png,0,30,107
XC457359_3_3.png,0,89,107
XC461359_3_3.png,0,59,107
XC476264_3_3.png,0,46,107
XC537826_3_3.png,0,46,107
XC603277_3_3.png,0,46,107
XC214240_3_3.png,17,61,407
XC214287_3_3.png,17,61,407
XC214288_3_3.png,17,61,407
XC214290_3_3.png,17,61,407
XC2619_3_3.png,17,107,407
XC283064_3_3.png,17,19,407
XC368992_3_3.png,17,46,407
XC369819_3_3.png,17,46,407
XC379152_3_3.png,17,11,407
XC38756_3_3.png,17,81,407
XC390834_3_3.png,17,46,407
XC390971_3_3.png,17,46,407
XC394358_3_3.png,17,46,407
XC399512_3_3.png,17,89,407
XC412572_3_3.png,17,46,407
XC415201_3_3.png,17,46,407
XC503470_3_3.png,17,89,407
XC584176_3_3.png,17,46,407
XC584986_3_3.png,17,26,407
XC11540_3_3.png,26,85,456
XC1641_3_3.png,26,107,456
XC287701_3_3.png,26,4,456
XC288822_3_3.png,26,89,456
XC295917_3_3.png,26,105,456
XC313652_3_3.png,26,19,456
XC32469_3_3.png,26,89,456
XC114492_3_3.png,20,62,139
XC114493_3_3.png,20,62,139
XC157401_3_3.png,20,10,139
XC1661_3_3.png,20,107,139
XC1676_3_3.png,20,107,139
XC254601_3_3.png,20,61,139
XC361122_3_3.png,20,89,139
XC361124_3_3.png,20,89,139
XC48543_3_3.png,20,81,139
XC48544_3_3.png,20,81,139
XC326071_3_3.png,21,41,80
XC361134_3_3.png,21,15,80
XC419108_3_3.png,21,41,80
XC453966_3_3.png,21,104,80
XC506225_3_3.png,21,89,80
XC506234_3_3.png,21,89,80
XC617651_3_3.png,21,84,80
XC8974_3_3.png,21,85,80
XC170466_3_3.png,7,10,43
XC196097_3_3.png,7,8,43
XC299076_3_3.png,7,41,43
XC395322_3_3.png,7,67,43
XC279107_3_3.png,6,73,69
XC511251_3_3.png,6,46,69
XC75569_3_3.png,6,27,69
XC351272_3_3.png,9,61,34
XC591406_3_3.png,9,46,34
XC214508_3_3.png,16,96,91
XC217495_3_3.png,16,96,91
XC29073_3_3.png,16,89,91
XC343909_3_3.png,16,86,91
XC574591_3_3.png,16,46,91
XC609188_3_3.png,16,0,91
XC84956_3_3.png,16,61,91
XC85409_3_3.png,16,61,91
XC150915_3_3.png,4,95,285
XC157396_3_3.png,4,10,285
XC1702_3_3.png,4,107,285
XC19955_3_3.png,4,89,285
XC233193_3_3.png,4,72,285
XC32484_3_3.png,4,89,285
XC363103_3_3.png,4,16,285
XC364127_3_3.png,4,16,285
XC398217_3_3.png,4,38,285
XC401684_3_3.png,4,72,285
XC572378_3_3.png,4,46,285
XC591280_3_3.png,4,46,285
XC63350_3_3.png,4,65,285
XC1768_3_3.png,19,107,217
XC212769_3_3.png,19,89,217
XC215722_3_3.png,19,61,217
XC344621_3_3.png,19,61,217
XC366345_3_3.png,19,16,217
XC394278_3_3.png,19,86,217
XC394279_3_3.png,19,86,217
XC397656_3_3.png,19,118,217
XC48762_3_3.png,19,81,217
XC573151_3_3.png,19,46,217
XC607187_3_3.png,19,46,217
XC84689_3_3.png,19,61,217
XC84696_3_3.png,19,61,217
XC290057_3_3.png,11,50,61
XC32433_3_3.png,11,89,61
XC461350_3_3.png,11,59,61
XC492619_3_3.png,11,22,61
XC492620_3_3.png,11,22,61
XC1952_3_3.png,3,107,64
XC211852_3_3.png,3,61,64
XC351256_3_3.png,3,61,64
XC364817_3_3.png,3,16,64
XC368220_3_3.png,3,46,64
XC112712_3_3.png,1,89,61
XC112713_3_3.png,1,89,61
XC150917_3_3.png,1,95,61
XC394644_3_3.png,1,46,61
XC394645_3_3.png,1,46,61
XC456241_3_3.png,1,104,61
XC16002_3_3.png,28,89,181
XC16003_3_3.png,28,89,181
XC343265_3_3.png,28,86,181
XC355326_3_3.png,28,46,181
XC361137_3_3.png,28,89,181
XC415814_3_3.png,28,16,181
XC475609_3_3.png,28,22,181
XC489125_3_3.png,28,22,181
XC534308_3_3.png,28,28,181
XC540445_3_3.png,28,28,181
XC591189_3_3.png,28,87,181
XC591190_3_3.png,28,87,181
XC340515_3_3.png,23,11,152
XC340516_3_3.png,23,11,152
XC365181_3_3.png,23,16,152
XC391110_3_3.png,23,72,152
XC395333_3_3.png,23,67,152
XC419109_3_3.png,23,41,152
XC508606_3_3.png,23,89,152
XC593146_3_3.png,23,77,152
XC64230_3_3.png,23,65,152
XC173759_3_3.png,13,63,135
XC361108_3_3.png,13,89,135
XC391402_3_3.png,13,5,135
XC399501_3_3.png,13,89,135
XC503455_3_3.png,13,89,135
XC32477_3_3.png,2,89,59
XC361106_3_3.png,2,89,59
XC395316_3_3.png,2,72,59
XC395317_3_3.png,2,72,59
XC176857_3_3.png,27,32,52
XC2633_3_3.png,27,107,52
XC362789_3_3.png,27,72,52
XC567607_3_3.png,27,46,52
XC82489_3_3.png,27,61,52
XC166920_3_3.png,18,10,155
XC173760_3_3.png,18,63,155
XC187463_3_3.png,18,42,155
XC288055_3_3.png,18,4,155
XC313654_3_3.png,18,19,155
XC592837_3_3.png,18,46,155
XC63838_3_3.png,18,65,155
XC134166_3_3.png,8,117,109
XC166268_3_3.png,8,10,109
XC1697_3_3.png,8,107,109
XC200395_3_3.png,8,42,109
XC361103_3_3.png,8,89,109
XC396701_3_3.png,8,46,109
XC486909_3_3.png,8,46,109
XC573792_3_3.png,8,46,109
XC85195_3_3.png,8,61,109
XC114463_3_3.png,25,62,193
XC147222_3_3.png,25,94,193
XC187468_3_3.png,25,42,193
XC1957_3_3.png,25,107,193
XC204203_3_3.png,25,73,193
XC283328_3_3.png,25,61,193
XC289856_3_3.png,25,113,193
XC313637_3_3.png,25,19,193
XC32356_3_3.png,25,89,193
XC361117_3_3.png,25,89,193
XC473675_3_3.png,25,46,193
XC492896_3_3.png,25,46,193
XC504468_3_3.png,25,4,193
XC592835_3_3.png,25,46,193
XC81740_3_3.png,25,61,193
XC1540_4_4.png,22,107,96
XC1564_4_4.png,22,107,96
XC391618_4_4.png,22,12,96
XC395079_4_4.png,22,67,96
XC436521_4_4.png,22,103,96
XC57010_4_4.png,22,81,96
XC414684_4_4.png,24,46,128
XC444477_4_4.png,24,104,128
XC559899_4_4.png,24,77,128
XC233194_4_4.png,29,72,43
XC442386_4_4.png,29,103,43
XC610515_4_4.png,29,0,43
XC288817_4_4.png,12,89,120
XC288940_4_4.png,12,4,120
XC288942_4_4.png,12,4,120
XC313640_4_4.png,12,19,120
XC444447_4_4.png,12,104,120
XC453998_4_4.png,12,104,120
XC469645_4_4.png,12,104,120
XC48295_4_4.png,12,81,120
XC503466_4_4.png,12,89,120
XC210083_4_4.png,10,61,114
XC351267_4_4.png,10,61,114
XC366208_4_4.png,10,16,114
XC368365_4_4.png,10,46,114
XC393684_4_4.png,10,86,114
XC394268_4_4.png,10,86,114
XC503247_4_4.png,10,46,114
XC364277_4_4.png,14,16,43
XC610620_4_4.png,14,0,43
XC255550_4_4.png,15,73,110
XC255553_4_4.png,15,73,110
XC267908_4_4.png,15,72,110
XC351104_4_4.png,15,53,110
XC363931_4_4.png,15,72,110
XC299042_4_4.png,5,41,110
XC308565_4_4.png,5,42,110
XC390938_4_4.png,5,12,110
XC391504_4_4.png,5,12,110
XC553377_4_4.png,5,76,110
XC187470_4_4.png,0,42,107
XC195454_4_4.png,0,30,107
XC457359_4_4.png,0,89,107
XC476264_4_4.png,0,46,107
XC537826_4_4.png,0,46,107
XC603277_4_4.png,0,46,107
XC214240_4_4.png,17,61,407
XC214287_4_4.png,17,61,407
XC214288_4_4.png,17,61,407
XC214290_4_4.png,17,61,407
XC283064_4_4.png,17,19,407
XC368992_4_4.png,17,46,407
XC369819_4_4.png,17,46,407
XC379152_4_4.png,17,11,407
XC390834_4_4.png,17,46,407
XC390971_4_4.png,17,46,407
XC412572_4_4.png,17,46,407
XC415201_4_4.png,17,46,407
XC558883_4_4.png,17,77,407
XC584176_4_4.png,17,46,407
XC584986_4_4.png,17,26,407
XC114493_4_4.png,20,62,139
XC1661_4_4.png,20,107,139
XC1676_4_4.png,20,107,139
XC254601_4_4.png,20,61,139
XC361124_4_4.png,20,89,139
XC365746_4_4.png,20,16,139
XC48544_4_4.png,20,81,139
XC592804_4_4.png,20,77,139
XC361134_4_4.png,21,15,80
XC419108_4_4.png,21,41,80
XC453966_4_4.png,21,104,80
XC506225_4_4.png,21,89,80
XC506234_4_4.png,21,89,80
XC617651_4_4.png,21,84,80
XC8974_4_4.png,21,85,80
XC14581_4_4.png,7,85,43
XC170466_4_4.png,7,10,43
XC196097_4_4.png,7,8,43
XC299076_4_4.png,7,41,43
XC279107_4_4.png,6,73,69
XC379137_4_4.png,6,11,69
XC511251_4_4.png,6,46,69
XC75569_4_4.png,6,27,69
XC351272_4_4.png,9,61,34
XC591406_4_4.png,9,46,34
XC1953_4_4.png,16,107,91
XC29073_4_4.png,16,89,91
XC574591_4_4.png,16,46,91
XC609188_4_4.png,16,0,91
XC150915_4_4.png,4,95,285
XC157396_4_4.png,4,10,285
XC1702_4_4.png,4,107,285
XC19955_4_4.png,4,89,285
XC363103_4_4.png,4,16,285
XC364127_4_4.png,4,16,285
XC38761_4_4.png,4,81,285
XC401684_4_4.png,4,72,285
XC441550_4_4.png,4,72,285
XC572378_4_4.png,4,46,285
XC591280_4_4.png,4,46,285
XC63350_4_4.png,4,65,285
XC212725_4_4.png,19,89,217
XC366345_4_4.png,19,16,217
XC394279_4_4.png,19,86,217
XC47489_4_4.png,19,89,217
XC573151_4_4.png,19,46,217
XC592030_4_4.png,19,77,217
XC607187_4_4.png,19,46,217
XC64186_4_4.png,19,65,217
XC84689_4_4.png,19,61,217
XC461350_4_4.png,11,59,61
XC492619_4_4.png,11,22,61
XC492620_4_4.png,11,22,61
XC583625_4_4.png,11,22,61
XC1952_4_4.png,3,107,64
XC211852_4_4.png,3,61,64
XC351256_4_4.png,3,61,64
XC364817_4_4.png,3,16,64
XC368220_4_4.png,3,46,64
XC561811_4_4.png,3,77,64
XC112712_4_4.png,1,89,61
XC112713_4_4.png,1,89,61
XC16003_4_4.png,28,89,181
XC361137_4_4.png,28,89,181
XC415863_4_4.png,28,16,181
XC47141_4_4.png,28,89,181
XC475609_4_4.png,28,22,181
XC489125_4_4.png,28,22,181
XC540445_4_4.png,28,28,181
XC546406_4_4.png,28,28,181
XC591189_4_4.png,28,87,181
XC591190_4_4.png,28,87,181
XC340516_4_4.png,23,11,152
XC365181_4_4.png,23,16,152
XC391110_4_4.png,23,72,152
XC395333_4_4.png,23,67,152
XC508606_4_4.png,23,89,152
XC593146_4_4.png,23,77,152
XC64230_4_4.png,23,65,152
XC173759_4_4.png,13,63,135
XC361108_4_4.png,13,89,135
XC391402_4_4.png,13,5,135
XC399501_4_4.png,13,89,135
XC457388_4_4.png,13,89,135
XC503455_4_4.png,13,89,135
XC361106_4_4.png,2,89,59
XC395316_4_4.png,2,72,59
XC395317_4_4.png,2,72,59
XC176857_4_4.png,27,32,52
XC2633_4_4.png,27,107,52
XC567607_4_4.png,27,46,52
XC166920_4_4.png,18,10,155
XC173760_4_4.png,18,63,155
XC187463_4_4.png,18,42,155
XC288055_4_4.png,18,4,155
XC313654_4_4.png,18,19,155
XC48779_4_4.png,18,81,155
XC531592_4_4.png,18,46,155
XC592837_4_4.png,18,46,155
XC112747_4_4.png,8,89,109
XC166268_4_4.png,8,10,109
XC200395_4_4.png,8,42,109
XC229252_4_4.png,8,61,109
XC361103_4_4.png,8,89,109
XC396701_4_4.png,8,46,109
XC486909_4_4.png,8,46,109
XC573792_4_4.png,8,46,109
XC187468_4_4.png,25,42,193
XC1957_4_4.png,25,107,193
XC204203_4_4.png,25,73,193
XC283328_4_4.png,25,61,193
XC32356_4_4.png,25,89,193
XC361117_4_4.png,25,89,193
XC470185_4_4.png,25,111,193
XC492896_4_4.png,25,46,193
XC504468_4_4.png,25,4,193
XC592835_4_4.png,25,46,193
XC81740_4_4.png,25,61,193
XC1540_5_5.png,22,107,96
XC391618_5_5.png,22,12,96
XC395079_5_5.png,22,67,96
XC57010_5_5.png,22,81,96
XC151239_5_5.png,24,24,128
XC414684_5_5.png,24,46,128
XC233194_5_5.png,29,72,43
XC114060_5_5.png,12,62,120
XC288817_5_5.png,12,89,120
XC288940_5_5.png,12,4,120
XC288942_5_5.png,12,4,120
XC453998_5_5.png,12,104,120
XC48295_5_5.png,12,81,120
XC503466_5_5.png,12,89,120
XC506231_5_5.png,12,89,120
XC351267_5_5.png,10,61,114
XC368365_5_5.png,10,46,114
XC393684_5_5.png,10,86,114
XC394268_5_5.png,10,86,114
XC503247_5_5.png,10,46,114
XC364277_5_5.png,14,16,43
XC610620_5_5.png,14,0,43
XC255550_5_5.png,15,73,110
XC255553_5_5.png,15,73,110
XC351104_5_5.png,15,53,110
XC308565_5_5.png,5,42,110
XC390938_5_5.png,5,12,110
XC391504_5_5.png,5,12,110
XC553377_5_5.png,5,76,110
XC586408_5_5.png,5,76,110
XC195454_5_5.png,0,30,107
XC457359_5_5.png,0,89,107
XC476264_5_5.png,0,46,107
XC537826_5_5.png,0,46,107
XC603277_5_5.png,0,46,107
XC114492_5_5.png,20,62,139
XC1676_5_5.png,20,107,139
XC254601_5_5.png,20,61,139
XC48544_5_5.png,20,81,139
XC361134_5_5.png,21,15,80
XC419108_5_5.png,21,41,80
XC453966_5_5.png,21,104,80
XC506225_5_5.png,21,89,80
XC506234_5_5.png,21,89,80
XC617651_5_5.png,21,84,80
XC8974_5_5.png,21,85,80
XC14581_5_5.png,7,85,43
XC170466_5_5.png,7,10,43
XC196097_5_5.png,7,8,43
XC299076_5_5.png,7,41,43
XC395322_5_5.png,7,67,43
XC279107_5_5.png,6,73,69
XC379137_5_5.png,6,11,69
XC511251_5_5.png,6,46,69
XC75569_5_5.png,6,27,69
XC351272_5_5.png,9,61,34
XC19527_5_5.png,16,89,91
XC29073_5_5.png,16,89,91
XC574591_5_5.png,16,46,91
XC609188_5_5.png,16,0,91
XC150915_5_5.png,4,95,285
XC215722_5_5.png,19,61,217
XC344621_5_5.png,19,61,217
XC366345_5_5.png,19,16,217
XC394279_5_5.png,19,86,217
XC47489_5_5.png,19,89,217
XC48762_5_5.png,19,81,217
XC592030_5_5.png,19,77,217
XC607187_5_5.png,19,46,217
XC64186_5_5.png,19,65,217
XC290057_5_5.png,11,50,61
XC461350_5_5.png,11,59,61
XC492619_5_5.png,11,22,61
XC492620_5_5.png,11,22,61
XC211852_5_5.png,3,61,64
XC351256_5_5.png,3,61,64
XC364817_5_5.png,3,16,64
XC368220_5_5.png,3,46,64
XC561811_5_5.png,3,77,64
XC112712_5_5.png,1,89,61
XC112713_5_5.png,1,89,61
XC343265_5_5.png,28,86,181
XC361137_5_5.png,28,89,181
XC374154_5_5.png,28,22,181
XC396560_5_5.png,28,118,181
XC415863_5_5.png,28,16,181
XC47141_5_5.png,28,89,181
XC475609_5_5.png,28,22,181
XC475624_5_5.png,28,22,181
XC546406_5_5.png,28,28,181
XC591189_5_5.png,28,87,181
XC340516_5_5.png,23,11,152
XC391110_5_5.png,23,72,152
XC419109_5_5.png,23,41,152
XC508606_5_5.png,23,89,152
XC593146_5_5.png,23,77,152
XC64230_5_5.png,23,65,152
XC173759_5_5.png,13,63,135
XC361108_5_5.png,13,89,135
XC391402_5_5.png,13,5,135
XC399501_5_5.png,13,89,135
XC457388_5_5.png,13,89,135
XC503455_5_5.png,13,89,135
XC361106_5_5.png,2,89,59
XC395316_5_5.png,2,72,59
XC395317_5_5.png,2,72,59
XC2633_5_5.png,27,107,52
XC362789_5_5.png,27,72,52
XC567607_5_5.png,27,46,52
XC166920_5_5.png,18,10,155
XC173760_5_5.png,18,63,155
XC288055_5_5.png,18,4,155
XC313654_5_5.png,18,19,155
XC379150_5_5.png,18,11,155
XC48779_5_5.png,18,81,155
XC531592_5_5.png,18,46,155
XC592837_5_5.png,18,46,155
XC1697_5_5.png,8,107,109
XC200395_5_5.png,8,42,109
XC361103_5_5.png,8,89,109
XC396701_5_5.png,8,46,109
XC486909_5_5.png,8,46,109
XC573792_5_5.png,8,46,109
XC187468_5_5.png,25,42,193
XC1957_5_5.png,25,107,193
XC204203_5_5.png,25,73,193
XC283328_5_5.png,25,61,193
XC361117_5_5.png,25,89,193
XC470185_5_5.png,25,111,193
XC473675_5_5.png,25,46,193
XC492896_5_5.png,25,46,193
XC504468_5_5.png,25,4,193
XC592835_5_5.png,25,46,193
XC610513_5_5.png,25,101,193
XC1540_6_6.png,22,107,96
XC1562_6_6.png,22,107,96
XC57010_6_6.png,22,81,96
XC414684_6_6.png,24,46,128
XC559899_6_6.png,24,77,128
XC233194_6_6.png,29,72,43
XC442386_6_6.png,29,103,43
XC288817_6_6.png,12,89,120
XC288823_6_6.png,12,89,120
XC288940_6_6.png,12,4,120
XC288942_6_6.png,12,4,120
XC48295_6_6.png,12,81,120
XC503466_6_6.png,12,89,120
XC506231_6_6.png,12,89,120
XC210083_6_6.png,10,61,114
XC351267_6_6.png,10,61,114
XC368365_6_6.png,10,46,114
XC393684_6_6.png,10,86,114
XC394268_6_6.png,10,86,114
XC503247_6_6.png,10,46,114
XC364277_6_6.png,14,16,43
XC605293_6_6.png,14,96,43
XC255550_6_6.png,15,73,110
XC267908_6_6.png,15,72,110
XC348809_6_6.png,15,24,110
XC351104_6_6.png,15,53,110
XC390938_6_6.png,5,12,110
XC391504_6_6.png,5,12,110
XC553377_6_6.png,5,76,110
XC187470_6_6.png,0,42,107
XC195454_6_6.png,0,30,107
XC457359_6_6.png,0,89,107
XC476264_6_6.png,0,46,107
XC537826_6_6.png,0,46,107
XC603277_6_6.png,0,46,107
XC114492_6_6.png,20,62,139
XC114493_6_6.png,20,62,139
XC1676_6_6.png,20,107,139
XC254601_6_6.png,20,61,139
XC361134_6_6.png,21,15,80
XC419108_6_6.png,21,41,80
XC453966_6_6.png,21,104,80
XC506225_6_6.png,21,89,80
XC506234_6_6.png,21,89,80
XC617651_6_6.png,21,84,80
XC14581_6_6.png,7,85,43
XC170466_6_6.png,7,10,43
XC196097_6_6.png,7,8,43
XC299076_6_6.png,7,41,43
XC395322_6_6.png,7,67,43
XC279107_6_6.png,6,73,69
XC379137_6_6.png,6,11,69
XC511251_6_6.png,6,46,69
XC585003_6_6.png,6,46,69
XC75569_6_6.png,6,27,69
XC351272_6_6.png,9,61,34
XC19527_6_6.png,16,89,91
XC29073_6_6.png,16,89,91
XC574591_6_6.png,16,46,91
XC609188_6_6.png,16,0,91
XC1768_6_6.png,19,107,217
XC212725_6_6.png,19,89,217
XC344621_6_6.png,19,61,217
XC366345_6_6.png,19,16,217
XC394279_6_6.png,19,86,217
XC458984_6_6.png,19,22,217
XC47489_6_6.png,19,89,217
XC592030_6_6.png,19,77,217
XC607187_6_6.png,19,46,217
XC84689_6_6.png,19,61,217
XC290057_6_6.png,11,50,61
XC461350_6_6.png,11,59,61
XC492619_6_6.png,11,22,61
XC492620_6_6.png,11,22,61
XC583625_6_6.png,11,22,61
XC211852_6_6.png,3,61,64
XC351256_6_6.png,3,61,64
XC364817_6_6.png,3,16,64
XC112712_6_6.png,1,89,61
XC112713_6_6.png,1,89,61
XC396560_6_6.png,28,118,181
XC47141_6_6.png,28,89,181
XC475624_6_6.png,28,22,181
XC540445_6_6.png,28,28,181
XC591189_6_6.png,28,87,181
XC391110_6_6.png,23,72,152
XC419109_6_6.png,23,41,152
XC443799_6_6.png,23,72,152
XC508606_6_6.png,23,89,152
XC64230_6_6.png,23,65,152
XC361108_6_6.png,13,89,135
XC391402_6_6.png,13,5,135
XC399501_6_6.png,13,89,135
XC457388_6_6.png,13,89,135
XC503455_6_6.png,13,89,135
XC361106_6_6.png,2,89,59
XC395316_6_6.png,2,72,59
XC395317_6_6.png,2,72,59
XC362789_6_6.png,27,72,52
XC567607_6_6.png,27,46,52
XC173760_6_6.png,18,63,155
XC187463_6_6.png,18,42,155
XC288055_6_6.png,18,4,155
XC48779_6_6.png,18,81,155
XC531592_6_6.png,18,46,155
XC592837_6_6.png,18,46,155
XC112747_6_6.png,8,89,109
XC229252_6_6.png,8,61,109
XC396701_6_6.png,8,46,109
XC486909_6_6.png,8,46,109
XC573792_6_6.png,8,46,109
XC187468_6_6.png,25,42,193
XC1957_6_6.png,25,107,193
XC204203_6_6.png,25,73,193
XC361117_6_6.png,25,89,193
XC470185_6_6.png,25,111,193
XC504468_6_6.png,25,4,193
XC592835_6_6.png,25,46,193
XC610513_6_6.png,25,101,193
XC1562_7_7.png,22,107,96
XC395079_7_7.png,22,67,96
XC57010_7_7.png,22,81,96
XC150586_7_7.png,24,24,128
XC151239_7_7.png,24,24,128
XC444477_7_7.png,24,104,128
XC233194_7_7.png,29,72,43
XC288817_7_7.png,12,89,120
XC288823_7_7.png,12,89,120
XC288940_7_7.png,12,4,120
XC288942_7_7.png,12,4,120
XC453998_7_7.png,12,104,120
XC48295_7_7.png,12,81,120
XC503466_7_7.png,12,89,120
XC506231_7_7.png,12,89,120
XC210083_7_7.png,10,61,114
XC368365_7_7.png,10,46,114
XC393684_7_7.png,10,86,114
XC394268_7_7.png,10,86,114
XC503247_7_7.png,10,46,114
XC364277_7_7.png,14,16,43
XC255550_7_7.png,15,73,110
XC351104_7_7.png,15,53,110
XC308565_7_7.png,5,42,110
XC553377_7_7.png,5,76,110
XC457359_7_7.png,0,89,107
XC476264_7_7.png,0,46,107
XC537826_7_7.png,0,46,107
XC603277_7_7.png,0,46,107
XC114492_7_7.png,20,62,139
XC114493_7_7.png,20,62,139
XC1676_7_7.png,20,107,139
XC254601_7_7.png,20,61,139
XC592804_7_7.png,20,77,139
XC506225_7_7.png,21,89,80
XC506234_7_7.png,21,89,80
XC617651_7_7.png,21,84,80
XC299076_7_7.png,7,41,43
XC279107_7_7.png,6,73,69
XC511251_7_7.png,6,46,69
XC585003_7_7.png,6,46,69
XC75569_7_7.png,6,27,69
XC351272_7_7.png,9,61,34
XC29073_7_7.png,16,89,91
XC574591_7_7.png,16,46,91
XC609188_7_7.png,16,0,91
XC212725_7_7.png,19,89,217
XC344621_7_7.png,19,61,217
XC394279_7_7.png,19,86,217
XC458984_7_7.png,19,22,217
XC461350_7_7.png,11,59,61
XC492619_7_7.png,11,22,61
XC211852_7_7.png,3,61,64
XC351256_7_7.png,3,61,64
XC364817_7_7.png,3,16,64
XC112712_7_7.png,1,89,61
XC112713_7_7.png,1,89,61
XC374154_7_7.png,28,22,181
XC395333_7_7.png,23,67,152
XC419109_7_7.png,23,41,152
XC508606_7_7.png,23,89,152
XC64230_7_7.png,23,65,152
XC361108_7_7.png,13,89,135
XC391402_7_7.png,13,5,135
XC399501_7_7.png,13,89,135
XC457388_7_7.png,13,89,135
XC503455_7_7.png,13,89,135
XC361106_7_7.png,2,89,59
XC395316_7_7.png,2,72,59
XC395317_7_7.png,2,72,59
XC362789_7_7.png,27,72,52
XC567607_7_7.png,27,46,52
XC173760_7_7.png,18,63,155
XC187463_7_7.png,18,42,155
XC288055_7_7.png,18,4,155
XC379150_7_7.png,18,11,155
XC531592_7_7.png,18,46,155
XC592837_7_7.png,18,46,155
XC1697_7_7.png,8,107,109
XC396701_7_7.png,8,46,109
XC486909_7_7.png,8,46,109
XC573792_7_7.png,8,46,109
XC187468_7_7.png,25,42,193
XC1562_8_8.png,22,107,96
XC57010_8_8.png,22,81,96
XC150586_8_8.png,24,24,128
XC151239_8_8.png,24,24,128
XC444477_8_8.png,24,104,128
XC233194_8_8.png,29,72,43
XC288940_8_8.png,12,4,120
XC288942_8_8.png,12,4,120
XC453998_8_8.png,12,104,120
XC48295_8_8.png,12,81,120
XC503466_8_8.png,12,89,120
XC368365_8_8.png,10,46,114
XC393684_8_8.png,10,86,114
XC394268_8_8.png,10,86,114
XC503247_8_8.png,10,46,114
XC364277_8_8.png,14,16,43
XC255550_8_8.png,15,73,110
XC267908_8_8.png,15,72,110
XC351104_8_8.png,15,53,110
XC390938_8_8.png,5,12,110
XC391504_8_8.png,5,12,110
XC553377_8_8.png,5,76,110
XC195454_8_8.png,0,30,107
XC457359_8_8.png,0,89,107
XC476264_8_8.png,0,46,107
XC537826_8_8.png,0,46,107
XC603277_8_8.png,0,46,107
XC114492_8_8.png,20,62,139
XC114493_8_8.png,20,62,139
XC1676_8_8.png,20,107,139
XC254601_8_8.png,20,61,139
XC506225_8_8.png,21,89,80
XC506234_8_8.png,21,89,80
XC617651_8_8.png,21,84,80
XC170466_8_8.png,7,10,43
XC299076_8_8.png,7,41,43
XC379137_8_8.png,6,11,69
XC511251_8_8.png,6,46,69
XC75569_8_8.png,6,27,69
XC1953_8_8.png,16,107,91
XC29073_8_8.png,16,89,91
XC574591_8_8.png,16,46,91
XC609188_8_8.png,16,0,91
XC492619_8_8.png,11,22,61
XC492620_8_8.png,11,22,61
XC211852_8_8.png,3,61,64
XC351256_8_8.png,3,61,64
XC561811_8_8.png,3,77,64
XC112712_8_8.png,1,89,61
XC112713_8_8.png,1,89,61
XC391110_8_8.png,23,72,152
XC395333_8_8.png,23,67,152
XC419109_8_8.png,23,41,152
XC508606_8_8.png,23,89,152
XC593146_8_8.png,23,77,152
XC361108_8_8.png,13,89,135
XC391402_8_8.png,13,5,135
XC399502_8_8.png,13,89,135
XC457388_8_8.png,13,89,135
XC395316_8_8.png,2,72,59
XC395317_8_8.png,2,72,59
XC567607_8_8.png,27,46,52
XC173760_8_8.png,18,63,155
XC187463_8_8.png,18,42,155
XC288055_8_8.png,18,4,155
XC379150_8_8.png,18,11,155
XC531592_8_8.png,18,46,155
XC592837_8_8.png,18,46,155
XC1697_8_8.png,8,107,109
XC229252_8_8.png,8,61,109
XC396701_8_8.png,8,46,109
XC486909_8_8.png,8,46,109
XC573792_8_8.png,8,46,109
XC1562_9_9.png,22,107,96
XC57010_9_9.png,22,81,96
XC150586_9_9.png,24,24,128
XC559899_9_9.png,24,77,128
XC233194_9_9.png,29,72,43
XC288940_9_9.png,12,4,120
XC288942_9_9.png,12,4,120
XC48295_9_9.png,12,81,120
XC503466_9_9.png,12,89,120
XC506231_9_9.png,12,89,120
XC368365_9_9.png,10,46,114
XC393684_9_9.png,10,86,114
XC394268_9_9.png,10,86,114
XC503247_9_9.png,10,46,114
XC610620_9_9.png,14,0,43
XC255550_9_9.png,15,73,110
XC351104_9_9.png,15,53,110
XC308565_9_9.png,5,42,110
XC390938_9_9.png,5,12,110
XC391504_9_9.png,5,12,110
XC187470_9_9.png,0,42,107
XC195454_9_9.png,0,30,107
XC457359_9_9.png,0,89,107
XC476264_9_9.png,0,46,107
XC537826_9_9.png,0,46,107
XC603277_9_9.png,0,46,107
XC114492_9_9.png,20,62,139
XC1676_9_9.png,20,107,139
XC254601_9_9.png,20,61,139
XC299048_9_9.png,20,41,139
XC506234_9_9.png,21,89,80
XC617651_9_9.png,21,84,80
XC299076_9_9.png,7,41,43
XC379137_9_9.png,6,11,69
XC511251_9_9.png,6,46,69
XC75569_9_9.png,6,27,69
XC574591_9_9.png,16,46,91
XC609188_9_9.png,16,0,91
XC211852_9_9.png,3,61,64
XC351256_9_9.png,3,61,64
XC561811_9_9.png,3,77,64
XC112713_9_9.png,1,89,61
XC419109_9_9.png,23,41,152
XC508606_9_9.png,23,89,152
XC593146_9_9.png,23,77,152
XC361108_9_9.png,13,89,135
XC399502_9_9.png,13,89,135
XC457388_9_9.png,13,89,135
XC503455_9_9.png,13,89,135
XC361106_9_9.png,2,89,59
XC395316_9_9.png,2,72,59
XC395317_9_9.png,2,72,59
XC567607_9_9.png,27,46,52
XC288055_9_9.png,18,4,155
XC379150_9_9.png,18,11,155
XC531592_9_9.png,18,46,155
XC592837_9_9.png,18,46,155
XC1697_9_9.png,8,107,109
XC396701_9_9.png,8,46,109
XC486909_9_9.png,8,46,109
XC57010_10_10.png,22,81,96
XC150586_10_10.png,24,24,128
XC151239_10_10.png,24,24,128
XC233194_10_10.png,29,72,43
XC288940_10_10.png,12,4,120
XC288942_10_10.png,12,4,120
XC48295_10_10.png,12,81,120
XC503466_10_10.png,12,89,120
XC210083_10_10.png,10,61,114
XC368365_10_10.png,10,46,114
XC393684_10_10.png,10,86,114
XC394268_10_10.png,10,86,114
XC503247_10_10.png,10,46,114
XC255550_10_10.png,15,73,110
XC267908_10_10.png,15,72,110
XC348809_10_10.png,15,24,110
XC351104_10_10.png,15,53,110
XC308565_10_10.png,5,42,110
XC391504_10_10.png,5,12,110
XC195454_10_10.png,0,30,107
XC457359_10_10.png,0,89,107
XC476264_10_10.png,0,46,107
XC537826_10_10.png,0,46,107
XC603277_10_10.png,0,46,107
XC114492_10_10.png,20,62,139
XC114493_10_10.png,20,62,139
XC1676_10_10.png,20,107,139
XC254601_10_10.png,20,61,139
XC506225_10_10.png,21,89,80
XC511251_10_10.png,6,46,69
XC75569_10_10.png,6,27,69
XC351272_10_10.png,9,61,34
XC574591_10_10.png,16,46,91
XC492620_10_10.png,11,22,61
XC211852_10_10.png,3,61,64
XC351256_10_10.png,3,61,64
XC561811_10_10.png,3,77,64
XC112712_10_10.png,1,89,61
XC112713_10_10.png,1,89,61
XC391110_10_10.png,23,72,152
XC395333_10_10.png,23,67,152
XC419109_10_10.png,23,41,152
XC508606_10_10.png,23,89,152
XC64230_10_10.png,23,65,152
XC399502_10_10.png,13,89,135
XC457388_10_10.png,13,89,135
XC503455_10_10.png,13,89,135
XC361106_10_10.png,2,89,59
XC395316_10_10.png,2,72,59
XC395317_10_10.png,2,72,59
XC567607_10_10.png,27,46,52
XC173760_10_10.png,18,63,155
XC288055_10_10.png,18,4,155
XC379150_10_10.png,18,11,155
XC531592_10_10.png,18,46,155
XC592837_10_10.png,18,46,155
XC229252_10_10.png,8,61,109
XC396701_10_10.png,8,46,109
XC57010_11_11.png,22,81,96
XC150586_11_11.png,24,24,128
XC151239_11_11.png,24,24,128
XC414684_11_11.png,24,46,128
XC444477_11_11.png,24,104,128
XC559899_11_11.png,24,77,128
XC233194_11_11.png,29,72,43
XC288942_11_11.png,12,4,120
XC48295_11_11.png,12,81,120
XC210083_11_11.png,10,61,114
XC368365_11_11.png,10,46,114
XC394268_11_11.png,10,86,114
XC503247_11_11.png,10,46,114
XC255550_11_11.png,15,73,110
XC267908_11_11.png,15,72,110
XC348809_11_11.png,15,24,110
XC351104_11_11.png,15,53,110
XC308565_11_11.png,5,42,110
XC390938_11_11.png,5,12,110
XC391504_11_11.png,5,12,110
XC195454_11_11.png,0,30,107
XC457359_11_11.png,0,89,107
XC603277_11_11.png,0,46,107
XC114493_11_11.png,20,62,139
XC1676_11_11.png,20,107,139
XC254601_11_11.png,20,61,139
XC506225_11_11.png,21,89,80
XC511251_11_11.png,6,46,69
XC75569_11_11.png,6,27,69
XC351272_11_11.png,9,61,34
XC574591_11_11.png,16,46,91
XC211852_11_11.png,3,61,64
XC112712_11_11.png,1,89,61
XC112713_11_11.png,1,89,61
XC391110_11_11.png,23,72,152
XC419109_11_11.png,23,41,152
XC508606_11_11.png,23,89,152
XC593146_11_11.png,23,77,152
XC361108_11_11.png,13,89,135
XC399502_11_11.png,13,89,135
XC457388_11_11.png,13,89,135
XC503455_11_11.png,13,89,135
XC361106_11_11.png,2,89,59
XC395316_11_11.png,2,72,59
XC395317_11_11.png,2,72,59
XC288055_11_11.png,18,4,155
XC379150_11_11.png,18,11,155
XC531592_11_11.png,18,46,155
XC592837_11_11.png,18,46,155
XC396701_11_11.png,8,46,109
XC57010_12_12.png,22,81,96
XC150586_12_12.png,24,24,128
XC151239_12_12.png,24,24,128
XC233194_12_12.png,29,72,43
XC288942_12_12.png,12,4,120
XC48295_12_12.png,12,81,120
XC506231_12_12.png,12,89,120
XC210083_12_12.png,10,61,114
XC368365_12_12.png,10,46,114
XC393684_12_12.png,10,86,114
XC503247_12_12.png,10,46,114
XC255550_12_12.png,15,73,110
XC390938_12_12.png,5,12,110
XC457359_12_12.png,0,89,107
XC603277_12_12.png,0,46,107
XC506225_12_12.png,21,89,80
XC75569_12_12.png,6,27,69
XC351272_12_12.png,9,61,34
XC574591_12_12.png,16,46,91
XC211852_12_12.png,3,61,64
XC112712_12_12.png,1,89,61
XC391110_12_12.png,23,72,152
XC395333_12_12.png,23,67,152
XC443799_12_12.png,23,72,152
XC508606_12_12.png,23,89,152
XC593146_12_12.png,23,77,152
XC361108_12_12.png,13,89,135
XC399502_12_12.png,13,89,135
XC457388_12_12.png,13,89,135
XC503455_12_12.png,13,89,135
XC361106_12_12.png,2,89,59
XC395317_12_12.png,2,72,59
XC173760_12_12.png,18,63,155
XC187463_12_12.png,18,42,155
XC288055_12_12.png,18,4,155
XC379150_12_12.png,18,11,155
XC531592_12_12.png,18,46,155
XC592837_12_12.png,18,46,155
XC396701_12_12.png,8,46,109
XC57010_13_13.png,22,81,96
XC150586_13_13.png,24,24,128
XC414684_13_13.png,24,46,128
XC233194_13_13.png,29,72,43
XC288942_13_13.png,12,4,120
XC368365_13_13.png,10,46,114
XC393684_13_13.png,10,86,114
XC503247_13_13.png,10,46,114
XC255550_13_13.png,15,73,110
XC267908_13_13.png,15,72,110
XC308565_13_13.png,5,42,110
XC391504_13_13.png,5,12,110
XC195454_13_13.png,0,30,107
XC457359_13_13.png,0,89,107
XC603277_13_13.png,0,46,107
XC511251_13_13.png,6,46,69
XC75569_13_13.png,6,27,69
XC574591_13_13.png,16,46,91
XC492620_13_13.png,11,22,61
XC211852_13_13.png,3,61,64
XC112712_13_13.png,1,89,61
XC391110_13_13.png,23,72,152
XC419109_13_13.png,23,41,152
XC508606_13_13.png,23,89,152
XC593146_13_13.png,23,77,152
XC399502_13_13.png,13,89,135
XC503455_13_13.png,13,89,135
XC361106_13_13.png,2,89,59
XC362789_13_13.png,27,72,52
XC288055_13_13.png,18,4,155
XC379150_13_13.png,18,11,155
XC531592_13_13.png,18,46,155
XC396701_13_13.png,8,46,109
XC57010_14_14.png,22,81,96
XC150586_14_14.png,24,24,128
XC233194_14_14.png,29,72,43
XC506231_14_14.png,12,89,120
XC368365_14_14.png,10,46,114
XC503247_14_14.png,10,46,114
XC255550_14_14.png,15,73,110
XC267908_14_14.png,15,72,110
XC351104_14_14.png,15,53,110
XC457359_14_14.png,0,89,107
XC603277_14_14.png,0,46,107
XC506225_14_14.png,21,89,80
XC75569_14_14.png,6,27,69
XC351272_14_14.png,9,61,34
XC574591_14_14.png,16,46,91
XC583625_14_14.png,11,22,61
XC211852_14_14.png,3,61,64
XC112712_14_14.png,1,89,61
XC391110_14_14.png,23,72,152
XC443799_14_14.png,23,72,152
XC508606_14_14.png,23,89,152
XC361108_14_14.png,13,89,135
XC399502_14_14.png,13,89,135
XC503455_14_14.png,13,89,135
XC361106_14_14.png,2,89,59
XC187463_14_14.png,18,42,155
XC288055_14_14.png,18,4,155
XC396701_14_14.png,8,46,109
XC57010_15_15.png,22,81,96
XC150586_15_15.png,24,24,128
XC414684_15_15.png,24,46,128
XC233194_15_15.png,29,72,43
XC48295_15_15.png,12,81,120
XC506231_15_15.png,12,89,120
XC368365_15_15.png,10,46,114
XC393684_15_15.png,10,86,114
XC503247_15_15.png,10,46,114
XC255550_15_15.png,15,73,110
XC308565_15_15.png,5,42,110
XC457359_15_15.png,0,89,107
XC603277_15_15.png,0,46,107
XC506225_15_15.png,21,89,80
XC574591_15_15.png,16,46,91
XC211852_15_15.png,3,61,64
XC112712_15_15.png,1,89,61
XC391110_15_15.png,23,72,152
XC443799_15_15.png,23,72,152
XC508606_15_15.png,23,89,152
XC361108_15_15.png,13,89,135
XC399502_15_15.png,13,89,135
XC503455_15_15.png,13,89,135
XC361106_15_15.png,2,89,59
XC288055_15_15.png,18,4,155
XC396701_15_15.png,8,46,109
XC57010_16_16.png,22,81,96
XC150586_16_16.png,24,24,128
XC414684_16_16.png,24,46,128
XC368365_16_16.png,10,46,114
XC503247_16_16.png,10,46,114
XC255550_16_16.png,15,73,110
XC267908_16_16.png,15,72,110
XC308565_16_16.png,5,42,110
XC457359_16_16.png,0,89,107
XC603277_16_16.png,0,46,107
XC351272_16_16.png,9,61,34
XC574591_16_16.png,16,46,91
XC112712_16_16.png,1,89,61
XC391110_16_16.png,23,72,152
XC419109_16_16.png,23,41,152
XC508606_16_16.png,23,89,152
XC361108_16_16.png,13,89,135
XC361106_16_16.png,2,89,59
XC362789_16_16.png,27,72,52
XC396701_16_16.png,8,46,109
XC57010_17_17.png,22,81,96
XC150586_17_17.png,24,24,128
XC368365_17_17.png,10,46,114
XC503247_17_17.png,10,46,114
XC255550_17_17.png,15,73,110
XC267908_17_17.png,15,72,110
XC308565_17_17.png,5,42,110
XC457359_17_17.png,0,89,107
XC603277_17_17.png,0,46,107
XC351272_17_17.png,9,61,34
XC574591_17_17.png,16,46,91
XC112712_17_17.png,1,89,61
XC361106_17_17.png,2,89,59
XC362789_17_17.png,27,72,52
XC396701_17_17.png,8,46,109
XC57010_18_18.png,22,81,96
XC414684_18_18.png,24,46,128
XC368365_18_18.png,10,46,114
XC255550_18_18.png,15,73,110
XC308565_18_18.png,5,42,110
XC390938_18_18.png,5,12,110
XC457359_18_18.png,0,89,107
XC603277_18_18.png,0,46,107
XC506225_18_18.png,21,89,80
XC574591_18_18.png,16,46,91
XC112712_18_18.png,1,89,61
XC361106_18_18.png,2,89,59
XC362789_18_18.png,27,72,52
XC396701_18_18.png,8,46,109
XC414684_19_19.png,24,46,128
XC368365_19_19.png,10,46,114
XC255550_19_19.png,15,73,110
XC267908_19_19.png,15,72,110
XC390938_19_19.png,5,12,110
XC457359_19_19.png,0,89,107
XC603277_19_19.png,0,46,107
XC511251_19_19.png,6,46,69
XC574591_19_19.png,16,46,91
XC112712_19_19.png,1,89,61
XC361106_19_19.png,2,89,59
XC396701_19_19.png,8,46,109
XC255550_20_20.png,15,73,110
XC390938_20_20.png,5,12,110
XC457359_20_20.png,0,89,107
XC574591_20_20.png,16,46,91
XC112712_20_20.png,1,89,61
XC361106_20_20.png,2,89,59
XC396701_20_20.png,8,46,109
XC414684_21_21.png,24,46,128
XC255550_21_21.png,15,73,110
XC390938_21_21.png,5,12,110
XC457359_21_21.png,0,89,107
XC574591_21_21.png,16,46,91
XC361106_21_21.png,2,89,59
XC414684_22_22.png,24,46,128
XC255550_22_22.png,15,73,110
XC390938_22_22.png,5,12,110
XC457359_22_22.png,0,89,107
XC574591_22_22.png,16,46,91
XC361106_22_22.png,2,89,59
XC255550_23_23.png,15,73,110
XC457359_23_23.png,0,89,107
XC574591_23_23.png,16,46,91
XC361106_23_23.png,2,89,59
XC414684_24_24.png,24,46,128
XC255550_24_24.png,15,73,110
XC457359_24_24.png,0,89,107
XC361106_24_24.png,2,89,59
XC414684_25_25.png,24,46,128
XC390938_25_25.png,5,12,110
XC457359_25_25.png,0,89,107
XC414684_26_26.png,24,46,128
XC457359_26_26.png,0,89,107
XC414684_27_27.png,24,46,128
XC457359_27_27.png,0,89,107
XC574591_27_27.png,16,46,91
XC414684_28_28.png,24,46,128
XC414684_30_30.png,24,46,128
XC414684_31_31.png,24,46,128
XC414684_33_33.png,24,46,128
XC414684_35_35.png,24,46,128
XC414684_36_36.png,24,46,128
XC414684_37_37.png,24,46,128
XC414684_38_38.png,24,46,128
XC414684_39_39.png,24,46,128
XC414684_40_40.png,24,46,128
XC414684_41_41.png,24,46,128
XC414684_42_42.png,24,46,128
XC414684_43_43.png,24,46,128
XC414684_45_45.png,24,46,128
XC414684_46_46.png,24,46,128
XC414684_48_48.png,24,46,128
XC414684_49_49.png,24,46,128
XC414684_50_50.png,24,46,128
XC414684_51_51.png,24,46,128
