filename,class_id
XC139495.ogg,21
XC139496.ogg,21
XC139497.ogg,21
XC1540.ogg,21
XC1547.ogg,21
XC1562.ogg,21
XC1564.ogg,21
XC29291.ogg,21
XC29292.ogg,21
XC29293.ogg,21
XC29294.ogg,21
XC29295.ogg,21
XC29297.ogg,21
XC29298.ogg,21
XC29299.ogg,21
XC29300.ogg,21
XC29301.ogg,21
XC345967.ogg,21
XC345968.ogg,21
XC391618.ogg,21
XC395079.ogg,21
XC399287.ogg,21
XC399289.ogg,21
XC436521.ogg,21
XC461848.ogg,21
XC52032.ogg,21
XC52033.ogg,21
XC57009.ogg,21
XC57010.ogg,21
XC8973.ogg,21
XC114060.ogg,9
XC1708.ogg,9
XC288817.ogg,9
XC288823.ogg,9
XC288940.ogg,9
XC288942.ogg,9
XC313640.ogg,9
XC32317.ogg,9
XC32318.ogg,9
XC444447.ogg,9
XC453998.ogg,9
XC469645.ogg,9
XC48295.ogg,9
XC503466.ogg,9
XC506231.ogg,9
XC51007.ogg,9
XC51008.ogg,9
XC51009.ogg,9
XC51010.ogg,9
XC559538.ogg,9
XC113720.ogg,7
XC210083.ogg,7
XC308813.ogg,7
XC332778.ogg,7
XC351267.ogg,7
XC366208.ogg,7
XC368365.ogg,7
XC393684.ogg,7
XC394268.ogg,7
XC394273.ogg,7
XC46715.ogg,7
XC46716.ogg,7
XC476201.ogg,7
XC503247.ogg,7
XC50999.ogg,7
XC581963.ogg,7
XC610840.ogg,7
XC82266.ogg,7
XC206619.ogg,11
XC216377.ogg,11
XC359333.ogg,11
XC364277.ogg,11
XC365172.ogg,11
XC447764.ogg,11
XC48753.ogg,11
XC589881.ogg,11
XC603961.ogg,11
XC604949.ogg,11
XC605293.ogg,11
XC610620.ogg,11
XC70535.ogg,11
XC143403.ogg,14
XC1711.ogg,14
XC255550.ogg,14
XC255551.ogg,14
XC255552.ogg,14
XC255553.ogg,14
XC267908.ogg,14
XC32434.ogg,14
XC358879.ogg,14
XC363931.ogg,14
XC51603.ogg,14
XC51604.ogg,14
XC51606.ogg,14
XC299042.ogg,3
XC325660.ogg,3
XC364735.ogg,3
XC390938.ogg,3
XC391504.ogg,3
XC436949.ogg,3
XC48747.ogg,3
XC51744.ogg,3
XC549579.ogg,3
XC553369.ogg,3
XC553377.ogg,3
XC564636.ogg,3
XC584552.ogg,3
XC586408.ogg,3
XC592536.ogg,3
XC592537.ogg,3
XC195454.ogg,0
XC195457.ogg,0
XC348500.ogg,0
XC457359.ogg,0
XC457367.ogg,0
XC461359.ogg,0
XC476264.ogg,0
XC499641.ogg,0
XC52510.ogg,0
XC52511.ogg,0
XC537826.ogg,0
XC556170.ogg,0
XC603277.ogg,0
XC120220.ogg,16
XC156959.ogg,16
XC184576.ogg,16
XC214240.ogg,16
XC214287.ogg,16
XC214288.ogg,16
XC214290.ogg,16
XC283064.ogg,16
XC32399.ogg,16
XC368992.ogg,16
XC369819.ogg,16
XC379152.ogg,16
XC38756.ogg,16
XC390834.ogg,16
XC390971.ogg,16
XC394358.ogg,16
XC399512.ogg,16
XC412572.ogg,16
XC415201.ogg,16
XC503470.ogg,16
XC510938.ogg,16
XC51872.ogg,16
XC51873.ogg,16
XC51874.ogg,16
XC51875.ogg,16
XC51876.ogg,16
XC51877.ogg,16
XC558883.ogg,16
XC558884.ogg,16
XC584176.ogg,16
XC584986.ogg,16
XC592024.ogg,16
XC600266.ogg,16
XC84660.ogg,16
XC144905.ogg,13
XC266030.ogg,13
XC394274.ogg,13
XC48478.ogg,13
XC510928.ogg,13
XC51489.ogg,13
XC555889.ogg,13
XC584175.ogg,13
XC585862.ogg,13
XC82345.ogg,13
XC112710.ogg,24
XC11540.ogg,24
XC1634.ogg,24
XC1641.ogg,24
XC1649.ogg,24
XC287701.ogg,24
XC288822.ogg,24
XC295917.ogg,24
XC313652.ogg,24
XC32469.ogg,24
XC32515.ogg,24
XC331308.ogg,24
XC336409.ogg,24
XC344476.ogg,24
XC374375.ogg,24
XC379340.ogg,24
XC386603.ogg,24
XC390314.ogg,24
XC394535.ogg,24
XC396556.ogg,24
XC396605.ogg,24
XC396629.ogg,24
XC436871.ogg,24
XC470090.ogg,24
XC504476.ogg,24
XC506163.ogg,24
XC512739.ogg,24
XC571025.ogg,24
XC583621.ogg,24
XC583623.ogg,24
XC583896.ogg,24
XC584990.ogg,24
XC585847.ogg,24
XC589030.ogg,24
XC589883.ogg,24
XC590604.ogg,24
XC590621.ogg,24
XC590622.ogg,24
XC590623.ogg,24
XC592930.ogg,24
XC616064.ogg,24
XC616065.ogg,24
XC114492.ogg,19
XC114493.ogg,19
XC1535.ogg,19
XC1661.ogg,19
XC1676.ogg,19
XC1677.ogg,19
XC179296.ogg,19
XC254520.ogg,19
XC254601.ogg,19
XC29152.ogg,19
XC29154.ogg,19
XC29155.ogg,19
XC299048.ogg,19
XC361122.ogg,19
XC361124.ogg,19
XC365746.ogg,19
XC403832.ogg,19
XC474738.ogg,19
XC476260.ogg,19
XC479887.ogg,19
XC48543.ogg,19
XC48544.ogg,19
XC52571.ogg,19
XC550531.ogg,19
XC550532.ogg,19
XC550533.ogg,19
XC550534.ogg,19
XC586509.ogg,19
XC586513.ogg,19
XC587327.ogg,19
XC587328.ogg,19
XC592804.ogg,19
XC614631.ogg,19
XC200483.ogg,20
XC339554.ogg,20
XC361134.ogg,20
XC400309.ogg,20
XC453966.ogg,20
XC465076.ogg,20
XC465433.ogg,20
XC506225.ogg,20
XC506234.ogg,20
XC589399.ogg,20
XC617651.ogg,20
XC618371.ogg,20
XC8974.ogg,20
XC139469.ogg,4
XC139503.ogg,4
XC14581.ogg,4
XC154387.ogg,4
XC196097.ogg,4
XC32307.ogg,4
XC395322.ogg,4
XC51023.ogg,4
XC184572.ogg,6
XC325527.ogg,6
XC351272.ogg,6
XC415207.ogg,6
XC454053.ogg,6
XC456587.ogg,6
XC51488.ogg,6
XC550262.ogg,6
XC550263.ogg,6
XC591406.ogg,6
XC84982.ogg,6
XC184575.ogg,15
XC214508.ogg,15
XC217495.ogg,15
XC29073.ogg,15
XC464221.ogg,15
XC48630.ogg,15
XC51320.ogg,15
XC51325.ogg,15
XC574591.ogg,15
XC607848.ogg,15
XC609188.ogg,15
XC84956.ogg,15
XC85409.ogg,15
XC150915.ogg,2
XC1702.ogg,2
XC233193.ogg,2
XC244497.ogg,2
XC247454.ogg,2
XC268685.ogg,2
XC278513.ogg,2
XC278514.ogg,2
XC278519.ogg,2
XC283065.ogg,2
XC32193.ogg,2
XC32484.ogg,2
XC32485.ogg,2
XC358288.ogg,2
XC363103.ogg,2
XC364127.ogg,2
XC366774.ogg,2
XC368221.ogg,2
XC38761.ogg,2
XC398217.ogg,2
XC401684.ogg,2
XC404056.ogg,2
XC439071.ogg,2
XC441550.ogg,2
XC463584.ogg,2
XC51694.ogg,2
XC51696.ogg,2
XC51697.ogg,2
XC51698.ogg,2
XC572378.ogg,2
XC576265.ogg,2
XC576268.ogg,2
XC591280.ogg,2
XC82216.ogg,2
XC112733.ogg,27
XC143490.ogg,27
XC143491.ogg,27
XC145049.ogg,27
XC145437.ogg,27
XC145727.ogg,27
XC153313.ogg,27
XC157433.ogg,27
XC1725.ogg,27
XC1726.ogg,27
XC193823.ogg,27
XC202064.ogg,27
XC212745.ogg,27
XC247787.ogg,27
XC32429.ogg,27
XC32499.ogg,27
XC355657.ogg,27
XC364125.ogg,27
XC369868.ogg,27
XC379153.ogg,27
XC379341.ogg,27
XC390322.ogg,27
XC391056.ogg,27
XC396786.ogg,27
XC396871.ogg,27
XC397291.ogg,27
XC413634.ogg,27
XC413673.ogg,27
XC414017.ogg,27
XC445086.ogg,27
XC466704.ogg,27
XC470206.ogg,27
XC470773.ogg,27
XC470880.ogg,27
XC48760.ogg,27
XC48761.ogg,27
XC503481.ogg,27
XC506304.ogg,27
XC507275.ogg,27
XC510944.ogg,27
XC52001.ogg,27
XC52004.ogg,27
XC52005.ogg,27
XC52007.ogg,27
XC52008.ogg,27
XC52015.ogg,27
XC521491.ogg,27
XC521519.ogg,27
XC537782.ogg,27
XC537786.ogg,27
XC573562.ogg,27
XC575451.ogg,27
XC590598.ogg,27
XC590599.ogg,27
XC590600.ogg,27
XC598613.ogg,27
XC603084.ogg,27
XC84817.ogg,27
XC212725.ogg,18
XC212769.ogg,18
XC215722.ogg,18
XC215723.ogg,18
XC32291.ogg,18
XC344621.ogg,18
XC345707.ogg,18
XC366345.ogg,18
XC394278.ogg,18
XC394279.ogg,18
XC397656.ogg,18
XC458984.ogg,18
XC47489.ogg,18
XC48762.ogg,18
XC50967.ogg,18
XC50968.ogg,18
XC50969.ogg,18
XC50970.ogg,18
XC510939.ogg,18
XC573151.ogg,18
XC592030.ogg,18
XC607187.ogg,18
XC70548.ogg,18
XC84694.ogg,18
XC84696.ogg,18
XC290057.ogg,8
XC32433.ogg,8
XC386313.ogg,8
XC461350.ogg,8
XC492619.ogg,8
XC492620.ogg,8
XC492621.ogg,8
XC50810.ogg,8
XC50813.ogg,8
XC583625.ogg,8
XC615107.ogg,8
XC112712.ogg,1
XC112713.ogg,1
XC150916.ogg,1
XC150917.ogg,1
XC234335.ogg,1
XC288778.ogg,1
XC394644.ogg,1
XC394645.ogg,1
XC456241.ogg,1
XC50528.ogg,1
XC615591.ogg,1
XC616305.ogg,1
XC16002.ogg,26
XC16003.ogg,26
XC343265.ogg,26
XC355326.ogg,26
XC361137.ogg,26
XC374154.ogg,26
XC384669.ogg,26
XC384670.ogg,26
XC395335.ogg,26
XC396559.ogg,26
XC396560.ogg,26
XC415812.ogg,26
XC415814.ogg,26
XC415863.ogg,26
XC439642.ogg,26
XC459676.ogg,26
XC470214.ogg,26
XC47139.ogg,26
XC47141.ogg,26
XC475609.ogg,26
XC475624.ogg,26
XC475626.ogg,26
XC48574.ogg,26
XC489125.ogg,26
XC51499.ogg,26
XC521724.ogg,26
XC534168.ogg,26
XC534308.ogg,26
XC540445.ogg,26
XC546406.ogg,26
XC591188.ogg,26
XC591189.ogg,26
XC591190.ogg,26
XC608627.ogg,26
XC615607.ogg,26
XC195308.ogg,12
XC195310.ogg,12
XC198770.ogg,12
XC384404.ogg,12
XC422162.ogg,12
XC444441.ogg,12
XC48730.ogg,12
XC50839.ogg,12
XC50843.ogg,12
XC50844.ogg,12
XC50845.ogg,12
XC144347.ogg,22
XC150817.ogg,22
XC150890.ogg,22
XC182338.ogg,22
XC340515.ogg,22
XC340516.ogg,22
XC358161.ogg,22
XC365181.ogg,22
XC391110.ogg,22
XC395333.ogg,22
XC443799.ogg,22
XC508606.ogg,22
XC593146.ogg,22
XC116655.ogg,10
XC1682.ogg,10
XC1683.ogg,10
XC173759.ogg,10
XC211770.ogg,10
XC32319.ogg,10
XC32320.ogg,10
XC32321.ogg,10
XC32322.ogg,10
XC355053.ogg,10
XC361108.ogg,10
XC391402.ogg,10
XC399501.ogg,10
XC399502.ogg,10
XC452323.ogg,10
XC457388.ogg,10
XC463917.ogg,10
XC503455.ogg,10
XC51035.ogg,10
XC51036.ogg,10
XC51037.ogg,10
XC51038.ogg,10
XC527368.ogg,10
XC615549.ogg,10
XC615550.ogg,10
XC196769.ogg,25
XC212759.ogg,25
XC32358.ogg,25
XC362789.ogg,25
XC46721.ogg,25
XC567607.ogg,25
XC604129.ogg,25
XC610607.ogg,25
XC143404.ogg,17
XC1550.ogg,17
XC1710.ogg,17
XC173760.ogg,17
XC195055.ogg,17
XC288055.ogg,17
XC313654.ogg,17
XC32448.ogg,17
XC32449.ogg,17
XC369818.ogg,17
XC379150.ogg,17
XC415777.ogg,17
XC434958.ogg,17
XC48779.ogg,17
XC51686.ogg,17
XC51687.ogg,17
XC531592.ogg,17
XC592837.ogg,17
XC112747.ogg,5
XC134166.ogg,5
XC1697.ogg,5
XC229252.ogg,5
XC313905.ogg,5
XC361103.ogg,5
XC396701.ogg,5
XC486909.ogg,5
XC50881.ogg,5
XC50882.ogg,5
XC50883.ogg,5
XC50884.ogg,5
XC573792.ogg,5
XC608631.ogg,5
XC85194.ogg,5
XC114463.ogg,23
XC204203.ogg,23
XC283328.ogg,23
XC313637.ogg,23
XC32355.ogg,23
XC32356.ogg,23
XC32357.ogg,23
XC361117.ogg,23
XC461346.ogg,23
XC46766.ogg,23
XC470185.ogg,23
XC473675.ogg,23
XC492896.ogg,23
XC504468.ogg,23
XC51044.ogg,23
XC51045.ogg,23
XC51046.ogg,23
XC51047.ogg,23
XC51048.ogg,23
XC548396.ogg,23
XC592835.ogg,23
XC610513.ogg,23
XC611913.ogg,23
